Timestamp,Step,train_loss,val_loss,time_ms,tokens_per_second,learning_rate
2025-03-29T00:20:50,0,NA,23.597656,NA,NA,NA
2025-03-29T00:21:17,0,24.761753,NA,NA,NA,NA
2025-03-29T00:21:17,0,NA,NA,26311.055912,NA,NA
2025-03-29T00:21:17,0,NA,NA,NA,9.729750,NA
2025-03-29T00:21:17,0,NA,NA,NA,NA,0.001000
2025-03-29T00:21:43,1,24.102293,NA,NA,NA,NA
2025-03-29T00:21:43,1,NA,NA,26468.927027,NA,NA
2025-03-29T00:21:43,1,NA,NA,NA,9.671718,NA
2025-03-29T00:21:43,1,NA,NA,NA,NA,0.001000
2025-03-29T00:22:10,2,23.372000,NA,NA,NA,NA
2025-03-29T00:22:10,2,NA,NA,26575.078746,NA,NA
2025-03-29T00:22:10,2,NA,NA,NA,9.633085,NA
2025-03-29T00:22:10,2,NA,NA,NA,NA,0.001000
2025-03-29T00:22:36,3,23.373751,NA,NA,NA,NA
2025-03-29T00:22:36,3,NA,NA,25991.465787,NA,NA
2025-03-29T00:22:36,3,NA,NA,NA,9.849387,NA
2025-03-29T00:22:36,3,NA,NA,NA,NA,0.001000
2025-03-29T00:23:01,4,24.373980,NA,NA,NA,NA
2025-03-29T00:23:01,4,NA,NA,25750.941505,NA,NA
2025-03-29T00:23:01,4,NA,NA,NA,9.941384,NA
2025-03-29T00:23:01,4,NA,NA,NA,NA,0.001000
2025-03-29T00:23:27,5,23.187311,NA,NA,NA,NA
2025-03-29T00:23:27,5,NA,NA,26010.751769,NA,NA
2025-03-29T00:23:27,5,NA,NA,NA,9.842084,NA
2025-03-29T00:23:27,5,NA,NA,NA,NA,0.001000
2025-03-29T00:23:54,6,23.853699,NA,NA,NA,NA
2025-03-29T00:23:54,6,NA,NA,26009.688435,NA,NA
2025-03-29T00:23:54,6,NA,NA,NA,9.842486,NA
2025-03-29T00:23:54,6,NA,NA,NA,NA,0.001000
2025-03-29T00:24:20,7,23.234694,NA,NA,NA,NA
2025-03-29T00:24:20,7,NA,NA,26741.751457,NA,NA
2025-03-29T00:24:20,7,NA,NA,NA,9.573046,NA
2025-03-29T00:24:20,7,NA,NA,NA,NA,0.001000
2025-03-29T00:24:47,8,23.865473,NA,NA,NA,NA
2025-03-29T00:24:47,8,NA,NA,26288.851434,NA,NA
2025-03-29T00:24:47,8,NA,NA,NA,9.737968,NA
2025-03-29T00:24:47,8,NA,NA,NA,NA,0.000999
2025-03-29T00:25:13,9,24.010529,NA,NA,NA,NA
2025-03-29T00:25:13,9,NA,NA,26043.800766,NA,NA
2025-03-29T00:25:13,9,NA,NA,NA,9.829595,NA
2025-03-29T00:25:13,9,NA,NA,NA,NA,0.000999
2025-03-29T00:25:58,10,NA,23.597656,NA,NA,NA
2025-03-29T00:26:24,10,22.711540,NA,NA,NA,NA
2025-03-29T00:26:24,10,NA,NA,25855.975869,NA,NA
2025-03-29T00:26:24,10,NA,NA,NA,9.900999,NA
2025-03-29T00:26:24,10,NA,NA,NA,NA,0.000999
2025-03-29T00:26:49,11,23.074942,NA,NA,NA,NA
2025-03-29T00:26:49,11,NA,NA,25788.698804,NA,NA
2025-03-29T00:26:49,11,NA,NA,NA,9.926829,NA
2025-03-29T00:26:49,11,NA,NA,NA,NA,0.000999
2025-03-29T00:27:16,12,23.417582,NA,NA,NA,NA
2025-03-29T00:27:16,12,NA,NA,26389.694818,NA,NA
2025-03-29T00:27:16,12,NA,NA,NA,9.700756,NA
2025-03-29T00:27:16,12,NA,NA,NA,NA,0.000999
2025-03-29T00:27:41,13,23.238523,NA,NA,NA,NA
2025-03-29T00:27:41,13,NA,NA,25757.899325,NA,NA
2025-03-29T00:27:41,13,NA,NA,NA,9.938699,NA
2025-03-29T00:27:41,13,NA,NA,NA,NA,0.000998
2025-03-29T00:28:07,14,23.939051,NA,NA,NA,NA
2025-03-29T00:28:07,14,NA,NA,25843.700231,NA,NA
2025-03-29T00:28:07,14,NA,NA,NA,9.905703,NA
2025-03-29T00:28:07,14,NA,NA,NA,NA,0.000998
2025-03-29T00:28:33,15,23.858463,NA,NA,NA,NA
2025-03-29T00:28:33,15,NA,NA,25667.225320,NA,NA
2025-03-29T00:28:33,15,NA,NA,NA,9.973809,NA
2025-03-29T00:28:33,15,NA,NA,NA,NA,0.000998
2025-03-29T00:28:59,16,23.690775,NA,NA,NA,NA
2025-03-29T00:28:59,16,NA,NA,25864.840101,NA,NA
2025-03-29T00:28:59,16,NA,NA,NA,9.897606,NA
2025-03-29T00:28:59,16,NA,NA,NA,NA,0.000997
2025-03-29T00:29:23,17,23.865772,NA,NA,NA,NA
2025-03-29T00:29:23,17,NA,NA,24682.680230,NA,NA
2025-03-29T00:29:23,17,NA,NA,NA,10.371645,NA
2025-03-29T00:29:23,17,NA,NA,NA,NA,0.000997
2025-03-29T00:29:46,18,25.587820,NA,NA,NA,NA
2025-03-29T00:29:46,18,NA,NA,22548.817436,NA,NA
2025-03-29T00:29:46,18,NA,NA,NA,11.353146,NA
2025-03-29T00:29:46,18,NA,NA,NA,NA,0.000997
2025-03-29T00:30:09,19,24.661695,NA,NA,NA,NA
2025-03-29T00:30:09,19,NA,NA,23023.616776,NA,NA
2025-03-29T00:30:09,19,NA,NA,NA,11.119018,NA
2025-03-29T00:30:09,19,NA,NA,NA,NA,0.000996
2025-03-29T00:30:48,20,NA,23.597656,NA,NA,NA
2025-03-29T00:39:39,20,23.455631,NA,NA,NA,NA
2025-03-29T00:39:39,20,NA,NA,22935.437871,NA,NA
2025-03-29T00:39:39,20,NA,NA,NA,11.161766,NA
2025-03-29T00:39:39,20,NA,NA,NA,NA,0.000996
2025-03-29T00:40:00,21,23.957348,NA,NA,NA,NA
2025-03-29T00:40:00,21,NA,NA,21932.639716,NA,NA
2025-03-29T00:40:00,21,NA,NA,NA,11.672102,NA
2025-03-29T00:40:00,21,NA,NA,NA,NA,0.000996
2025-03-29T00:40:22,22,23.984877,NA,NA,NA,NA
2025-03-29T00:40:22,22,NA,NA,21689.138583,NA,NA
2025-03-29T00:40:22,22,NA,NA,NA,11.803143,NA
2025-03-29T00:40:22,22,NA,NA,NA,NA,0.000995
2025-03-29T00:40:44,23,23.386429,NA,NA,NA,NA
2025-03-29T00:40:44,23,NA,NA,21451.272078,NA,NA
2025-03-29T00:40:44,23,NA,NA,NA,11.934024,NA
2025-03-29T00:40:44,23,NA,NA,NA,NA,0.000995
2025-03-29T00:41:05,24,23.155260,NA,NA,NA,NA
2025-03-29T00:41:05,24,NA,NA,21744.028423,NA,NA
2025-03-29T00:41:05,24,NA,NA,NA,11.773347,NA
2025-03-29T00:41:05,24,NA,NA,NA,NA,0.000994
2025-03-29T00:41:27,25,23.978470,NA,NA,NA,NA
2025-03-29T00:41:27,25,NA,NA,21572.510261,NA,NA
2025-03-29T00:41:27,25,NA,NA,NA,11.866955,NA
2025-03-29T00:41:27,25,NA,NA,NA,NA,0.000994
2025-03-29T00:41:49,26,23.779219,NA,NA,NA,NA
2025-03-29T00:41:49,26,NA,NA,21736.701222,NA,NA
2025-03-29T00:41:49,26,NA,NA,NA,11.777316,NA
2025-03-29T00:41:49,26,NA,NA,NA,NA,0.000993
2025-03-29T00:42:12,27,24.289869,NA,NA,NA,NA
2025-03-29T00:42:12,27,NA,NA,23440.188753,NA,NA
2025-03-29T00:42:12,27,NA,NA,NA,10.921413,NA
2025-03-29T00:42:12,27,NA,NA,NA,NA,0.000993
2025-03-29T00:42:35,28,23.346478,NA,NA,NA,NA
2025-03-29T00:42:35,28,NA,NA,22917.685848,NA,NA
2025-03-29T00:42:35,28,NA,NA,NA,11.170412,NA
2025-03-29T00:42:35,28,NA,NA,NA,NA,0.000992
2025-03-29T00:42:57,29,23.428051,NA,NA,NA,NA
2025-03-29T00:42:57,29,NA,NA,22264.044655,NA,NA
2025-03-29T00:42:57,29,NA,NA,NA,11.498360,NA
2025-03-29T00:42:57,29,NA,NA,NA,NA,0.000992
2025-03-29T00:43:37,30,NA,23.597656,NA,NA,NA
2025-03-29T00:43:59,30,23.677454,NA,NA,NA,NA
2025-03-29T00:43:59,30,NA,NA,22233.479096,NA,NA
2025-03-29T00:43:59,30,NA,NA,NA,11.514168,NA
2025-03-29T00:43:59,30,NA,NA,NA,NA,0.000991
2025-03-29T00:44:23,31,24.068069,NA,NA,NA,NA
2025-03-29T00:44:23,31,NA,NA,23941.582537,NA,NA
2025-03-29T00:44:23,31,NA,NA,NA,10.692694,NA
2025-03-29T00:44:23,31,NA,NA,NA,NA,0.000991
2025-03-29T00:44:46,32,24.147182,NA,NA,NA,NA
2025-03-29T00:44:46,32,NA,NA,23219.779487,NA,NA
2025-03-29T00:44:46,32,NA,NA,NA,11.025084,NA
2025-03-29T00:44:46,32,NA,NA,NA,NA,0.000990
2025-03-29T00:45:08,33,23.880533,NA,NA,NA,NA
2025-03-29T00:45:08,33,NA,NA,22375.187697,NA,NA
2025-03-29T00:45:08,33,NA,NA,NA,11.441245,NA
2025-03-29T00:45:08,33,NA,NA,NA,NA,0.000989
2025-03-29T00:45:30,34,23.438040,NA,NA,NA,NA
2025-03-29T00:45:30,34,NA,NA,21739.716348,NA,NA
2025-03-29T00:45:30,34,NA,NA,NA,11.775682,NA
2025-03-29T00:45:30,34,NA,NA,NA,NA,0.000989
2025-03-29T00:45:52,35,24.101070,NA,NA,NA,NA
2025-03-29T00:45:52,35,NA,NA,21658.208787,NA,NA
2025-03-29T00:45:52,35,NA,NA,NA,11.819999,NA
2025-03-29T00:45:52,35,NA,NA,NA,NA,0.000988
2025-03-29T00:46:14,36,24.491238,NA,NA,NA,NA
2025-03-29T00:46:14,36,NA,NA,22552.947805,NA,NA
2025-03-29T00:46:14,36,NA,NA,NA,11.351066,NA
2025-03-29T00:46:14,36,NA,NA,NA,NA,0.000987
2025-03-29T00:46:37,37,23.976976,NA,NA,NA,NA
2025-03-29T00:46:37,37,NA,NA,22661.618870,NA,NA
2025-03-29T00:46:37,37,NA,NA,NA,11.296634,NA
2025-03-29T00:46:37,37,NA,NA,NA,NA,0.000987
2025-03-29T00:47:02,38,24.041790,NA,NA,NA,NA
2025-03-29T00:47:02,38,NA,NA,24519.540319,NA,NA
2025-03-29T00:47:02,38,NA,NA,NA,10.440653,NA
2025-03-29T00:47:02,38,NA,NA,NA,NA,0.000986
2025-03-29T00:47:24,39,23.436996,NA,NA,NA,NA
2025-03-29T00:47:24,39,NA,NA,22265.087136,NA,NA
2025-03-29T00:47:24,39,NA,NA,NA,11.497822,NA
2025-03-29T00:47:24,39,NA,NA,NA,NA,0.000985
2025-03-29T00:48:03,40,NA,23.597656,NA,NA,NA
2025-03-29T00:56:46,40,23.312441,NA,NA,NA,NA
2025-03-29T00:56:46,40,NA,NA,21112.373807,NA,NA
2025-03-29T00:56:46,40,NA,NA,NA,12.125590,NA
2025-03-29T00:56:46,40,NA,NA,NA,NA,0.000984
2025-03-29T00:57:08,41,23.728498,NA,NA,NA,NA
2025-03-29T00:57:08,41,NA,NA,21269.927984,NA,NA
2025-03-29T00:57:08,41,NA,NA,NA,12.035771,NA
2025-03-29T00:57:08,41,NA,NA,NA,NA,0.000984
2025-03-29T00:57:28,42,23.931612,NA,NA,NA,NA
2025-03-29T00:57:28,42,NA,NA,20599.729850,NA,NA
2025-03-29T00:57:28,42,NA,NA,NA,12.427347,NA
2025-03-29T00:57:28,42,NA,NA,NA,NA,0.000983
2025-03-29T00:57:49,43,24.060446,NA,NA,NA,NA
2025-03-29T00:57:49,43,NA,NA,20692.668091,NA,NA
2025-03-29T00:57:49,43,NA,NA,NA,12.371531,NA
2025-03-29T00:57:49,43,NA,NA,NA,NA,0.000982
2025-03-29T00:58:10,44,23.192326,NA,NA,NA,NA
2025-03-29T00:58:10,44,NA,NA,20622.743389,NA,NA
2025-03-29T00:58:10,44,NA,NA,NA,12.413480,NA
2025-03-29T00:58:10,44,NA,NA,NA,NA,0.000981
2025-03-29T00:58:30,45,25.308840,NA,NA,NA,NA
2025-03-29T00:58:30,45,NA,NA,20446.618347,NA,NA
2025-03-29T00:58:30,45,NA,NA,NA,12.520408,NA
2025-03-29T00:58:30,45,NA,NA,NA,NA,0.000980
2025-03-29T02:46:21,0,NA,17.799988,NA,NA,NA
2025-03-29T02:46:53,0,20.299620,NA,NA,NA,NA
2025-03-29T02:46:53,0,NA,NA,32432.598023,NA,NA
2025-03-29T02:46:53,0,NA,NA,NA,7.893293,NA
2025-03-29T02:46:53,0,NA,NA,NA,NA,0.001000
2025-03-29T02:47:22,1,18.326723,NA,NA,NA,NA
2025-03-29T02:47:22,1,NA,NA,28879.937380,NA,NA
2025-03-29T02:47:22,1,NA,NA,NA,8.864285,NA
2025-03-29T02:47:22,1,NA,NA,NA,NA,0.001000
2025-03-29T02:47:51,2,16.934425,NA,NA,NA,NA
2025-03-29T02:47:51,2,NA,NA,28813.815421,NA,NA
2025-03-29T02:47:51,2,NA,NA,NA,8.884627,NA
2025-03-29T02:47:51,2,NA,NA,NA,NA,0.001000
2025-03-29T02:48:20,3,16.957788,NA,NA,NA,NA
2025-03-29T02:48:20,3,NA,NA,28800.012405,NA,NA
2025-03-29T02:48:20,3,NA,NA,NA,8.888885,NA
2025-03-29T02:48:20,3,NA,NA,NA,NA,0.001000
2025-03-29T02:48:49,4,18.507721,NA,NA,NA,NA
2025-03-29T02:48:49,4,NA,NA,29117.338953,NA,NA
2025-03-29T02:48:49,4,NA,NA,NA,8.792012,NA
2025-03-29T02:48:49,4,NA,NA,NA,NA,0.001000
2025-03-29T02:49:18,5,18.149893,NA,NA,NA,NA
2025-03-29T02:49:18,5,NA,NA,28859.108484,NA,NA
2025-03-29T02:49:18,5,NA,NA,NA,8.870683,NA
2025-03-29T02:49:18,5,NA,NA,NA,NA,0.001000
2025-03-29T02:49:46,6,17.248453,NA,NA,NA,NA
2025-03-29T02:49:46,6,NA,NA,28743.971710,NA,NA
2025-03-29T02:49:46,6,NA,NA,NA,8.906216,NA
2025-03-29T02:49:46,6,NA,NA,NA,NA,0.001000
2025-03-29T02:50:15,7,18.396580,NA,NA,NA,NA
2025-03-29T02:50:15,7,NA,NA,28731.588213,NA,NA
2025-03-29T02:50:15,7,NA,NA,NA,8.910054,NA
2025-03-29T02:50:15,7,NA,NA,NA,NA,0.001000
2025-03-29T02:50:44,8,18.174423,NA,NA,NA,NA
2025-03-29T02:50:44,8,NA,NA,28642.470867,NA,NA
2025-03-29T02:50:44,8,NA,NA,NA,8.937777,NA
2025-03-29T02:50:44,8,NA,NA,NA,NA,0.000999
2025-03-29T02:51:13,9,18.173792,NA,NA,NA,NA
2025-03-29T02:51:13,9,NA,NA,29039.331209,NA,NA
2025-03-29T02:51:13,9,NA,NA,NA,8.815630,NA
2025-03-29T02:51:13,9,NA,NA,NA,NA,0.000999
2025-03-29T02:51:54,10,NA,17.399994,NA,NA,NA
2025-03-29T02:52:23,10,16.972679,NA,NA,NA,NA
2025-03-29T02:52:23,10,NA,NA,29129.467732,NA,NA
2025-03-29T02:52:23,10,NA,NA,NA,8.788351,NA
2025-03-29T02:52:23,10,NA,NA,NA,NA,0.000999
2025-03-29T02:52:52,11,18.302155,NA,NA,NA,NA
2025-03-29T02:52:52,11,NA,NA,28697.834649,NA,NA
2025-03-29T02:52:52,11,NA,NA,NA,8.920534,NA
2025-03-29T02:52:52,11,NA,NA,NA,NA,0.000999
2025-03-29T02:53:20,12,18.040688,NA,NA,NA,NA
2025-03-29T02:53:20,12,NA,NA,28829.287390,NA,NA
2025-03-29T02:53:20,12,NA,NA,NA,8.879859,NA
2025-03-29T02:53:20,12,NA,NA,NA,NA,0.000999
2025-03-29T02:53:49,13,18.529099,NA,NA,NA,NA
2025-03-29T02:53:49,13,NA,NA,28797.110532,NA,NA
2025-03-29T02:53:49,13,NA,NA,NA,8.889781,NA
2025-03-29T02:53:49,13,NA,NA,NA,NA,0.000998
2025-03-29T02:54:18,14,16.955219,NA,NA,NA,NA
2025-03-29T02:54:18,14,NA,NA,28634.200639,NA,NA
2025-03-29T02:54:18,14,NA,NA,NA,8.940358,NA
2025-03-29T02:54:18,14,NA,NA,NA,NA,0.000998
2025-03-29T02:54:47,15,19.246035,NA,NA,NA,NA
2025-03-29T02:54:47,15,NA,NA,29282.814905,NA,NA
2025-03-29T02:54:47,15,NA,NA,NA,8.742329,NA
2025-03-29T02:54:47,15,NA,NA,NA,NA,0.000998
2025-03-29T02:55:16,16,17.429977,NA,NA,NA,NA
2025-03-29T02:55:16,16,NA,NA,29147.312335,NA,NA
2025-03-29T02:55:16,16,NA,NA,NA,8.782971,NA
2025-03-29T02:55:16,16,NA,NA,NA,NA,0.000997
2025-03-29T02:55:45,17,17.449965,NA,NA,NA,NA
2025-03-29T02:55:45,17,NA,NA,28605.154251,NA,NA
2025-03-29T02:55:45,17,NA,NA,NA,8.949436,NA
2025-03-29T02:55:45,17,NA,NA,NA,NA,0.000997
2025-03-29T02:56:13,18,17.737459,NA,NA,NA,NA
2025-03-29T02:56:13,18,NA,NA,28521.620638,NA,NA
2025-03-29T02:56:13,18,NA,NA,NA,8.975647,NA
2025-03-29T02:56:13,18,NA,NA,NA,NA,0.000997
2025-03-29T02:56:42,19,18.145618,NA,NA,NA,NA
2025-03-29T02:56:42,19,NA,NA,28547.271774,NA,NA
2025-03-29T02:56:42,19,NA,NA,NA,8.967582,NA
2025-03-29T02:56:42,19,NA,NA,NA,NA,0.000996
2025-03-29T02:57:23,20,NA,17.399994,NA,NA,NA
2025-03-29T03:06:30,20,18.298077,NA,NA,NA,NA
2025-03-29T03:06:30,20,NA,NA,28875.943824,NA,NA
2025-03-29T03:06:30,20,NA,NA,NA,8.865511,NA
2025-03-29T03:06:30,20,NA,NA,NA,NA,0.000996
2025-03-29T03:06:59,21,17.474510,NA,NA,NA,NA
2025-03-29T03:06:59,21,NA,NA,28815.456184,NA,NA
2025-03-29T03:06:59,21,NA,NA,NA,8.884121,NA
2025-03-29T03:06:59,21,NA,NA,NA,NA,0.000996
2025-03-29T03:07:27,22,18.335438,NA,NA,NA,NA
2025-03-29T03:07:27,22,NA,NA,28816.290141,NA,NA
2025-03-29T03:07:27,22,NA,NA,NA,8.883863,NA
2025-03-29T03:07:27,22,NA,NA,NA,NA,0.000995
2025-03-29T03:07:56,23,17.580713,NA,NA,NA,NA
2025-03-29T03:07:56,23,NA,NA,28712.278202,NA,NA
2025-03-29T03:07:56,23,NA,NA,NA,8.916046,NA
2025-03-29T03:07:56,23,NA,NA,NA,NA,0.000995
2025-03-29T03:08:25,24,18.554901,NA,NA,NA,NA
2025-03-29T03:08:25,24,NA,NA,28801.513737,NA,NA
2025-03-29T03:08:25,24,NA,NA,NA,8.888422,NA
2025-03-29T03:08:25,24,NA,NA,NA,NA,0.000994
2025-03-29T03:08:54,25,18.177879,NA,NA,NA,NA
2025-03-29T03:08:54,25,NA,NA,28834.517985,NA,NA
2025-03-29T03:08:54,25,NA,NA,NA,8.878248,NA
2025-03-29T03:08:54,25,NA,NA,NA,NA,0.000994
2025-03-29T03:09:22,26,17.741198,NA,NA,NA,NA
2025-03-29T03:09:22,26,NA,NA,28772.725174,NA,NA
2025-03-29T03:09:22,26,NA,NA,NA,8.897315,NA
2025-03-29T03:09:22,26,NA,NA,NA,NA,0.000993
2025-03-29T03:09:51,27,17.876404,NA,NA,NA,NA
2025-03-29T03:09:51,27,NA,NA,28769.405681,NA,NA
2025-03-29T03:09:51,27,NA,NA,NA,8.898341,NA
2025-03-29T03:09:51,27,NA,NA,NA,NA,0.000993
2025-03-29T03:10:21,28,19.168636,NA,NA,NA,NA
2025-03-29T03:10:21,28,NA,NA,29293.840986,NA,NA
2025-03-29T03:10:21,28,NA,NA,NA,8.739038,NA
2025-03-29T03:10:21,28,NA,NA,NA,NA,0.000992
2025-03-29T03:10:49,29,18.564249,NA,NA,NA,NA
2025-03-29T03:10:49,29,NA,NA,28703.372863,NA,NA
2025-03-29T03:10:49,29,NA,NA,NA,8.918813,NA
2025-03-29T03:10:49,29,NA,NA,NA,NA,0.000992
2025-03-29T03:11:30,30,NA,17.399994,NA,NA,NA
2025-03-29T03:11:59,30,16.871153,NA,NA,NA,NA
2025-03-29T03:11:59,30,NA,NA,28540.803762,NA,NA
2025-03-29T03:11:59,30,NA,NA,NA,8.969614,NA
2025-03-29T03:11:59,30,NA,NA,NA,NA,0.000991
2025-03-29T03:12:27,31,19.259415,NA,NA,NA,NA
2025-03-29T03:12:27,31,NA,NA,28633.678088,NA,NA
2025-03-29T03:12:27,31,NA,NA,NA,8.940521,NA
2025-03-29T03:12:27,31,NA,NA,NA,NA,0.000991
2025-03-29T03:12:56,32,16.992620,NA,NA,NA,NA
2025-03-29T03:12:56,32,NA,NA,28658.855378,NA,NA
2025-03-29T03:12:56,32,NA,NA,NA,8.932667,NA
2025-03-29T03:12:56,32,NA,NA,NA,NA,0.000990
2025-03-29T03:13:25,33,18.077377,NA,NA,NA,NA
2025-03-29T03:13:25,33,NA,NA,28554.937198,NA,NA
2025-03-29T03:13:25,33,NA,NA,NA,8.965175,NA
2025-03-29T03:13:25,33,NA,NA,NA,NA,0.000989
2025-03-29T03:13:53,34,18.260521,NA,NA,NA,NA
2025-03-29T03:13:53,34,NA,NA,28486.349730,NA,NA
2025-03-29T03:13:53,34,NA,NA,NA,8.986760,NA
2025-03-29T03:13:53,34,NA,NA,NA,NA,0.000989
2025-03-29T03:14:22,35,18.290462,NA,NA,NA,NA
2025-03-29T03:14:22,35,NA,NA,28568.853097,NA,NA
2025-03-29T03:14:22,35,NA,NA,NA,8.960808,NA
2025-03-29T03:14:22,35,NA,NA,NA,NA,0.000988
2025-03-29T03:14:50,36,18.460550,NA,NA,NA,NA
2025-03-29T03:14:50,36,NA,NA,28658.432011,NA,NA
2025-03-29T03:14:50,36,NA,NA,NA,8.932798,NA
2025-03-29T03:14:50,36,NA,NA,NA,NA,0.000987
2025-03-29T03:15:19,37,18.495642,NA,NA,NA,NA
2025-03-29T03:15:19,37,NA,NA,28820.676944,NA,NA
2025-03-29T03:15:19,37,NA,NA,NA,8.882512,NA
2025-03-29T03:15:19,37,NA,NA,NA,NA,0.000987
2025-03-29T03:15:48,38,17.797518,NA,NA,NA,NA
2025-03-29T03:15:48,38,NA,NA,28541.982970,NA,NA
2025-03-29T03:15:48,38,NA,NA,NA,8.969244,NA
2025-03-29T03:15:48,38,NA,NA,NA,NA,0.000986
2025-03-29T03:16:16,39,17.712154,NA,NA,NA,NA
2025-03-29T03:16:16,39,NA,NA,28635.769774,NA,NA
2025-03-29T03:16:16,39,NA,NA,NA,8.939868,NA
2025-03-29T03:16:16,39,NA,NA,NA,NA,0.000985
2025-03-29T03:16:57,40,NA,17.000000,NA,NA,NA
2025-03-29T03:26:03,40,16.705473,NA,NA,NA,NA
2025-03-29T03:26:03,40,NA,NA,28592.882556,NA,NA
2025-03-29T03:26:03,40,NA,NA,NA,8.953277,NA
2025-03-29T03:26:03,40,NA,NA,NA,NA,0.000984
2025-03-29T03:26:32,41,17.402292,NA,NA,NA,NA
2025-03-29T03:26:32,41,NA,NA,28518.166016,NA,NA
2025-03-29T03:26:32,41,NA,NA,NA,8.976734,NA
2025-03-29T03:26:32,41,NA,NA,NA,NA,0.000984
2025-03-29T03:27:00,42,18.786716,NA,NA,NA,NA
2025-03-29T03:27:00,42,NA,NA,28602.557046,NA,NA
2025-03-29T03:27:00,42,NA,NA,NA,8.950249,NA
2025-03-29T03:27:00,42,NA,NA,NA,NA,0.000983
2025-03-29T03:27:29,43,18.310770,NA,NA,NA,NA
2025-03-29T03:27:29,43,NA,NA,28510.608724,NA,NA
2025-03-29T03:27:29,43,NA,NA,NA,8.979114,NA
2025-03-29T03:27:29,43,NA,NA,NA,NA,0.000982
2025-03-29T03:27:57,44,17.067860,NA,NA,NA,NA
2025-03-29T03:27:57,44,NA,NA,28516.785171,NA,NA
2025-03-29T03:27:57,44,NA,NA,NA,8.977169,NA
2025-03-29T03:27:57,44,NA,NA,NA,NA,0.000981
2025-03-29T03:28:26,45,17.760723,NA,NA,NA,NA
2025-03-29T03:28:26,45,NA,NA,28555.665564,NA,NA
2025-03-29T03:28:26,45,NA,NA,NA,8.964946,NA
2025-03-29T03:28:26,45,NA,NA,NA,NA,0.000980
2025-03-29T03:28:55,46,18.535099,NA,NA,NA,NA
2025-03-29T03:28:55,46,NA,NA,28804.329536,NA,NA
2025-03-29T03:28:55,46,NA,NA,NA,8.887553,NA
2025-03-29T03:28:55,46,NA,NA,NA,NA,0.000979
2025-03-29T03:29:23,47,16.373198,NA,NA,NA,NA
2025-03-29T03:29:23,47,NA,NA,28526.184531,NA,NA
2025-03-29T03:29:23,47,NA,NA,NA,8.974211,NA
2025-03-29T03:29:23,47,NA,NA,NA,NA,0.000978
2025-03-29T03:29:52,48,18.122839,NA,NA,NA,NA
2025-03-29T03:29:52,48,NA,NA,28625.849977,NA,NA
2025-03-29T03:29:52,48,NA,NA,NA,8.942966,NA
2025-03-29T03:29:52,48,NA,NA,NA,NA,0.000977
2025-03-29T03:30:21,49,18.702951,NA,NA,NA,NA
2025-03-29T03:30:21,49,NA,NA,29033.452136,NA,NA
2025-03-29T03:30:21,49,NA,NA,NA,8.817415,NA
2025-03-29T03:30:21,49,NA,NA,NA,NA,0.000976
2025-03-29T03:31:02,50,NA,18.000000,NA,NA,NA
2025-03-29T03:31:31,50,18.819761,NA,NA,NA,NA
2025-03-29T03:31:31,50,NA,NA,28603.935331,NA,NA
2025-03-29T03:31:31,50,NA,NA,NA,8.949818,NA
2025-03-29T03:31:31,50,NA,NA,NA,NA,0.000976
2025-03-29T03:31:59,51,17.848326,NA,NA,NA,NA
2025-03-29T03:31:59,51,NA,NA,28654.487613,NA,NA
2025-03-29T03:31:59,51,NA,NA,NA,8.934029,NA
2025-03-29T03:31:59,51,NA,NA,NA,NA,0.000975
2025-03-29T03:32:28,52,18.369881,NA,NA,NA,NA
2025-03-29T03:32:28,52,NA,NA,28587.690180,NA,NA
2025-03-29T03:32:28,52,NA,NA,NA,8.954904,NA
2025-03-29T03:32:28,52,NA,NA,NA,NA,0.000974
2025-03-29T03:32:56,53,18.173700,NA,NA,NA,NA
2025-03-29T03:32:56,53,NA,NA,28620.200948,NA,NA
2025-03-29T03:32:56,53,NA,NA,NA,8.944731,NA
2025-03-29T03:32:56,53,NA,NA,NA,NA,0.000973
2025-03-29T03:33:25,54,17.903826,NA,NA,NA,NA
2025-03-29T03:33:25,54,NA,NA,28472.153845,NA,NA
2025-03-29T03:33:25,54,NA,NA,NA,8.991241,NA
2025-03-29T03:33:25,54,NA,NA,NA,NA,0.000971
2025-03-29T03:33:54,55,18.262550,NA,NA,NA,NA
2025-03-29T03:33:54,55,NA,NA,28681.650201,NA,NA
2025-03-29T03:33:54,55,NA,NA,NA,8.925568,NA
2025-03-29T03:33:54,55,NA,NA,NA,NA,0.000970
2025-03-29T03:34:22,56,17.688013,NA,NA,NA,NA
2025-03-29T03:34:22,56,NA,NA,28563.369599,NA,NA
2025-03-29T03:34:22,56,NA,NA,NA,8.962528,NA
2025-03-29T03:34:22,56,NA,NA,NA,NA,0.000969
2025-03-29T03:34:50,57,18.628950,NA,NA,NA,NA
2025-03-29T03:34:50,57,NA,NA,28389.882496,NA,NA
2025-03-29T03:34:50,57,NA,NA,NA,9.017297,NA
2025-03-29T03:34:50,57,NA,NA,NA,NA,0.000968
2025-03-29T03:35:19,58,16.919264,NA,NA,NA,NA
2025-03-29T03:35:19,58,NA,NA,28512.730760,NA,NA
2025-03-29T03:35:19,58,NA,NA,NA,8.978445,NA
2025-03-29T03:35:19,58,NA,NA,NA,NA,0.000967
2025-03-29T03:35:48,59,18.720058,NA,NA,NA,NA
2025-03-29T03:35:48,59,NA,NA,28531.906701,NA,NA
2025-03-29T03:35:48,59,NA,NA,NA,8.972411,NA
2025-03-29T03:35:48,59,NA,NA,NA,NA,0.000966
2025-03-29T03:36:28,60,NA,18.199997,NA,NA,NA
2025-03-29T03:45:35,60,18.300041,NA,NA,NA,NA
2025-03-29T03:45:35,60,NA,NA,28632.299632,NA,NA
2025-03-29T03:45:35,60,NA,NA,NA,8.940951,NA
2025-03-29T03:45:35,60,NA,NA,NA,NA,0.000965
2025-03-29T03:46:03,61,18.364376,NA,NA,NA,NA
2025-03-29T03:46:03,61,NA,NA,28540.502404,NA,NA
2025-03-29T03:46:03,61,NA,NA,NA,8.969709,NA
2025-03-29T03:46:03,61,NA,NA,NA,NA,0.000964
2025-03-29T03:46:32,62,18.406645,NA,NA,NA,NA
2025-03-29T03:46:32,62,NA,NA,28443.535969,NA,NA
2025-03-29T03:46:32,62,NA,NA,NA,9.000287,NA
2025-03-29T03:46:32,62,NA,NA,NA,NA,0.000963
2025-03-29T03:47:00,63,18.565960,NA,NA,NA,NA
2025-03-29T03:47:00,63,NA,NA,28414.436161,NA,NA
2025-03-29T03:47:00,63,NA,NA,NA,9.009505,NA
2025-03-29T03:47:00,63,NA,NA,NA,NA,0.000961
2025-03-29T03:47:28,64,20.400074,NA,NA,NA,NA
2025-03-29T03:47:28,64,NA,NA,28389.399776,NA,NA
2025-03-29T03:47:28,64,NA,NA,NA,9.017450,NA
2025-03-29T03:47:28,64,NA,NA,NA,NA,0.000960
2025-03-29T03:47:57,65,18.033907,NA,NA,NA,NA
2025-03-29T03:47:57,65,NA,NA,28412.106253,NA,NA
2025-03-29T03:47:57,65,NA,NA,NA,9.010243,NA
2025-03-29T03:47:57,65,NA,NA,NA,NA,0.000959
2025-03-29T03:48:25,66,17.587706,NA,NA,NA,NA
2025-03-29T03:48:25,66,NA,NA,28453.655030,NA,NA
2025-03-29T03:48:25,66,NA,NA,NA,8.997087,NA
2025-03-29T03:48:25,66,NA,NA,NA,NA,0.000958
2025-03-29T03:48:54,67,18.412931,NA,NA,NA,NA
2025-03-29T03:48:54,67,NA,NA,28598.161473,NA,NA
2025-03-29T03:48:54,67,NA,NA,NA,8.951625,NA
2025-03-29T03:48:54,67,NA,NA,NA,NA,0.000956
2025-03-29T03:49:22,68,17.591223,NA,NA,NA,NA
2025-03-29T03:49:22,68,NA,NA,28453.119870,NA,NA
2025-03-29T03:49:22,68,NA,NA,NA,8.997256,NA
2025-03-29T03:49:22,68,NA,NA,NA,NA,0.000955
2025-03-29T03:49:51,69,17.702467,NA,NA,NA,NA
2025-03-29T03:49:51,69,NA,NA,28547.547377,NA,NA
2025-03-29T03:49:51,69,NA,NA,NA,8.967495,NA
2025-03-29T03:49:51,69,NA,NA,NA,NA,0.000954
2025-03-29T03:50:32,70,NA,17.599991,NA,NA,NA
2025-03-29T03:51:00,70,17.241205,NA,NA,NA,NA
2025-03-29T03:51:00,70,NA,NA,28597.713059,NA,NA
2025-03-29T03:51:00,70,NA,NA,NA,8.951765,NA
2025-03-29T03:51:00,70,NA,NA,NA,NA,0.000952
2025-03-29T03:51:29,71,17.481905,NA,NA,NA,NA
2025-03-29T03:51:29,71,NA,NA,28526.211901,NA,NA
2025-03-29T03:51:29,71,NA,NA,NA,8.974202,NA
2025-03-29T03:51:29,71,NA,NA,NA,NA,0.000951
2025-03-29T03:51:57,72,18.468370,NA,NA,NA,NA
2025-03-29T03:51:57,72,NA,NA,28718.538919,NA,NA
2025-03-29T03:51:57,72,NA,NA,NA,8.914103,NA
2025-03-29T03:51:57,72,NA,NA,NA,NA,0.000950
2025-03-29T03:52:26,73,17.282305,NA,NA,NA,NA
2025-03-29T03:52:26,73,NA,NA,28710.099003,NA,NA
2025-03-29T03:52:26,73,NA,NA,NA,8.916723,NA
2025-03-29T03:52:26,73,NA,NA,NA,NA,0.000948
2025-03-29T03:52:55,74,19.168337,NA,NA,NA,NA
2025-03-29T03:52:55,74,NA,NA,28591.358268,NA,NA
2025-03-29T03:52:55,74,NA,NA,NA,8.953754,NA
2025-03-29T03:52:55,74,NA,NA,NA,NA,0.000947
2025-03-29T03:53:23,75,18.145460,NA,NA,NA,NA
2025-03-29T03:53:23,75,NA,NA,28516.278259,NA,NA
2025-03-29T03:53:23,75,NA,NA,NA,8.977328,NA
2025-03-29T03:53:23,75,NA,NA,NA,NA,0.000946
2025-03-29T03:53:52,76,17.863817,NA,NA,NA,NA
2025-03-29T03:53:52,76,NA,NA,28517.055393,NA,NA
2025-03-29T03:53:52,76,NA,NA,NA,8.977084,NA
2025-03-29T03:53:52,76,NA,NA,NA,NA,0.000944
2025-03-29T03:54:20,77,17.627312,NA,NA,NA,NA
2025-03-29T03:54:20,77,NA,NA,28564.423055,NA,NA
2025-03-29T03:54:20,77,NA,NA,NA,8.962197,NA
2025-03-29T03:54:20,77,NA,NA,NA,NA,0.000943
2025-03-29T03:54:49,78,18.618906,NA,NA,NA,NA
2025-03-29T03:54:49,78,NA,NA,28534.074827,NA,NA
2025-03-29T03:54:49,78,NA,NA,NA,8.971729,NA
2025-03-29T03:54:49,78,NA,NA,NA,NA,0.000941
2025-03-29T03:55:17,79,17.933132,NA,NA,NA,NA
2025-03-29T03:55:17,79,NA,NA,28574.099723,NA,NA
2025-03-29T03:55:17,79,NA,NA,NA,8.959163,NA
2025-03-29T03:55:17,79,NA,NA,NA,NA,0.000940
2025-03-29T03:55:59,80,NA,17.599991,NA,NA,NA
2025-03-29T04:05:03,80,17.244831,NA,NA,NA,NA
2025-03-29T04:05:03,80,NA,NA,28477.942237,NA,NA
2025-03-29T04:05:03,80,NA,NA,NA,8.989413,NA
2025-03-29T04:05:03,80,NA,NA,NA,NA,0.000938
2025-03-29T04:05:32,81,18.041075,NA,NA,NA,NA
2025-03-29T04:05:32,81,NA,NA,28450.674290,NA,NA
2025-03-29T04:05:32,81,NA,NA,NA,8.998030,NA
2025-03-29T04:05:32,81,NA,NA,NA,NA,0.000937
2025-03-29T04:06:00,82,16.261580,NA,NA,NA,NA
2025-03-29T04:06:00,82,NA,NA,28526.743875,NA,NA
2025-03-29T04:06:00,82,NA,NA,NA,8.974035,NA
2025-03-29T04:06:00,82,NA,NA,NA,NA,0.000935
2025-03-29T04:06:31,83,17.581020,NA,NA,NA,NA
2025-03-29T04:06:31,83,NA,NA,30964.270296,NA,NA
2025-03-29T04:06:31,83,NA,NA,NA,8.267593,NA
2025-03-29T04:06:31,83,NA,NA,NA,NA,0.000934
2025-03-29T04:07:00,84,19.346762,NA,NA,NA,NA
2025-03-29T04:07:00,84,NA,NA,28672.011552,NA,NA
2025-03-29T04:07:00,84,NA,NA,NA,8.928568,NA
2025-03-29T04:07:00,84,NA,NA,NA,NA,0.000932
2025-03-29T04:07:29,85,18.397644,NA,NA,NA,NA
2025-03-29T04:07:29,85,NA,NA,28745.899789,NA,NA
2025-03-29T04:07:29,85,NA,NA,NA,8.905618,NA
2025-03-29T04:07:29,85,NA,NA,NA,NA,0.000930
2025-03-29T04:07:57,86,16.659121,NA,NA,NA,NA
2025-03-29T04:07:57,86,NA,NA,28667.667677,NA,NA
2025-03-29T04:07:57,86,NA,NA,NA,8.929921,NA
2025-03-29T04:07:57,86,NA,NA,NA,NA,0.000929
2025-03-29T04:08:26,87,16.631983,NA,NA,NA,NA
2025-03-29T04:08:26,87,NA,NA,28520.505845,NA,NA
2025-03-29T04:08:26,87,NA,NA,NA,8.975998,NA
2025-03-29T04:08:26,87,NA,NA,NA,NA,0.000927
2025-03-29T04:08:54,88,17.895710,NA,NA,NA,NA
2025-03-29T04:08:54,88,NA,NA,28531.331773,NA,NA
2025-03-29T04:08:54,88,NA,NA,NA,8.972592,NA
2025-03-29T04:08:54,88,NA,NA,NA,NA,0.000925
2025-03-29T04:09:23,89,18.911964,NA,NA,NA,NA
2025-03-29T04:09:23,89,NA,NA,28649.720794,NA,NA
2025-03-29T04:09:23,89,NA,NA,NA,8.935514,NA
2025-03-29T04:09:23,89,NA,NA,NA,NA,0.000924
2025-03-29T04:10:04,90,NA,18.000000,NA,NA,NA
2025-03-29T04:10:33,90,17.975546,NA,NA,NA,NA
2025-03-29T04:10:33,90,NA,NA,28451.716113,NA,NA
2025-03-29T04:10:33,90,NA,NA,NA,8.997700,NA
2025-03-29T04:10:33,90,NA,NA,NA,NA,0.000922
2025-03-29T04:11:02,91,18.686522,NA,NA,NA,NA
2025-03-29T04:11:02,91,NA,NA,29113.254540,NA,NA
2025-03-29T04:11:02,91,NA,NA,NA,8.793245,NA
2025-03-29T04:11:02,91,NA,NA,NA,NA,0.000920
2025-03-29T04:11:30,92,18.855721,NA,NA,NA,NA
2025-03-29T04:11:30,92,NA,NA,28373.654103,NA,NA
2025-03-29T04:11:30,92,NA,NA,NA,9.022454,NA
2025-03-29T04:11:30,92,NA,NA,NA,NA,0.000919
2025-03-29T04:11:58,93,18.427273,NA,NA,NA,NA
2025-03-29T04:11:58,93,NA,NA,28370.546477,NA,NA
2025-03-29T04:11:58,93,NA,NA,NA,9.023442,NA
2025-03-29T04:11:58,93,NA,NA,NA,NA,0.000917
2025-03-29T04:12:27,94,18.512629,NA,NA,NA,NA
2025-03-29T04:12:27,94,NA,NA,28366.796174,NA,NA
2025-03-29T04:12:27,94,NA,NA,NA,9.024635,NA
2025-03-29T04:12:27,94,NA,NA,NA,NA,0.000915
2025-03-29T04:12:57,95,18.002092,NA,NA,NA,NA
2025-03-29T04:12:57,95,NA,NA,29887.679618,NA,NA
2025-03-29T04:12:57,95,NA,NA,NA,8.565402,NA
2025-03-29T04:12:57,95,NA,NA,NA,NA,0.000914
2025-03-29T04:13:26,96,16.425003,NA,NA,NA,NA
2025-03-29T04:13:26,96,NA,NA,29042.203920,NA,NA
2025-03-29T04:13:26,96,NA,NA,NA,8.814758,NA
2025-03-29T04:13:26,96,NA,NA,NA,NA,0.000912
2025-03-29T04:13:54,97,17.458021,NA,NA,NA,NA
2025-03-29T04:13:54,97,NA,NA,28473.311333,NA,NA
2025-03-29T04:13:54,97,NA,NA,NA,8.990875,NA
2025-03-29T04:13:54,97,NA,NA,NA,NA,0.000910
2025-03-29T04:14:23,98,19.405397,NA,NA,NA,NA
2025-03-29T04:14:23,98,NA,NA,28425.956418,NA,NA
2025-03-29T04:14:23,98,NA,NA,NA,9.005854,NA
2025-03-29T04:14:23,98,NA,NA,NA,NA,0.000908
2025-03-29T04:14:51,99,19.237551,NA,NA,NA,NA
2025-03-29T04:14:51,99,NA,NA,28383.817428,NA,NA
2025-03-29T04:14:51,99,NA,NA,NA,9.019224,NA
2025-03-29T04:14:51,99,NA,NA,NA,NA,0.000906
2025-03-29T04:15:34,100,NA,17.799988,NA,NA,NA
2025-03-29T04:24:38,100,18.398613,NA,NA,NA,NA
2025-03-29T04:24:38,100,NA,NA,28636.990292,NA,NA
2025-03-29T04:24:38,100,NA,NA,NA,8.939487,NA
2025-03-29T04:24:38,100,NA,NA,NA,NA,0.000905
2025-03-29T04:25:07,101,18.547707,NA,NA,NA,NA
2025-03-29T04:25:07,101,NA,NA,28585.761633,NA,NA
2025-03-29T04:25:07,101,NA,NA,NA,8.955507,NA
2025-03-29T04:25:07,101,NA,NA,NA,NA,0.000903
2025-03-29T04:25:35,102,16.917803,NA,NA,NA,NA
2025-03-29T04:25:35,102,NA,NA,28476.813195,NA,NA
2025-03-29T04:25:35,102,NA,NA,NA,8.989770,NA
2025-03-29T04:25:35,102,NA,NA,NA,NA,0.000901
2025-03-29T04:26:04,103,18.635635,NA,NA,NA,NA
2025-03-29T04:26:04,103,NA,NA,29159.060872,NA,NA
2025-03-29T04:26:04,103,NA,NA,NA,8.779432,NA
2025-03-29T04:26:04,103,NA,NA,NA,NA,0.000899
2025-03-29T04:26:33,104,19.362581,NA,NA,NA,NA
2025-03-29T04:26:33,104,NA,NA,28494.623740,NA,NA
2025-03-29T04:26:33,104,NA,NA,NA,8.984151,NA
2025-03-29T04:26:33,104,NA,NA,NA,NA,0.000897
2025-03-29T04:27:01,105,18.188112,NA,NA,NA,NA
2025-03-29T04:27:01,105,NA,NA,28424.799492,NA,NA
2025-03-29T04:27:01,105,NA,NA,NA,9.006220,NA
2025-03-29T04:27:01,105,NA,NA,NA,NA,0.000895
2025-03-29T04:27:30,106,18.841888,NA,NA,NA,NA
2025-03-29T04:27:30,106,NA,NA,28709.389987,NA,NA
2025-03-29T04:27:30,106,NA,NA,NA,8.916944,NA
2025-03-29T04:27:30,106,NA,NA,NA,NA,0.000893
2025-03-29T04:27:58,107,18.132782,NA,NA,NA,NA
2025-03-29T04:27:58,107,NA,NA,28273.428304,NA,NA
2025-03-29T04:27:58,107,NA,NA,NA,9.054438,NA
2025-03-29T04:27:58,107,NA,NA,NA,NA,0.000891
2025-03-29T04:28:27,108,16.676405,NA,NA,NA,NA
2025-03-29T04:28:27,108,NA,NA,28600.195806,NA,NA
2025-03-29T04:28:27,108,NA,NA,NA,8.950988,NA
2025-03-29T04:28:27,108,NA,NA,NA,NA,0.000889
2025-03-29T04:28:55,109,17.315552,NA,NA,NA,NA
2025-03-29T04:28:55,109,NA,NA,28542.202859,NA,NA
2025-03-29T04:28:55,109,NA,NA,NA,8.969174,NA
2025-03-29T04:28:55,109,NA,NA,NA,NA,0.000887
2025-03-29T04:29:36,110,NA,18.000000,NA,NA,NA
2025-03-29T04:30:05,110,17.509827,NA,NA,NA,NA
2025-03-29T04:30:05,110,NA,NA,28978.811351,NA,NA
2025-03-29T04:30:05,110,NA,NA,NA,8.834041,NA
2025-03-29T04:30:05,110,NA,NA,NA,NA,0.000885
2025-03-29T04:30:34,111,16.850473,NA,NA,NA,NA
2025-03-29T04:30:34,111,NA,NA,28605.036827,NA,NA
2025-03-29T04:30:34,111,NA,NA,NA,8.949472,NA
2025-03-29T04:30:34,111,NA,NA,NA,NA,0.000883
2025-03-29T04:31:02,112,18.417551,NA,NA,NA,NA
2025-03-29T04:31:02,112,NA,NA,28492.786686,NA,NA
2025-03-29T04:31:02,112,NA,NA,NA,8.984730,NA
2025-03-29T04:31:02,112,NA,NA,NA,NA,0.000881
2025-03-29T04:31:31,113,17.730000,NA,NA,NA,NA
2025-03-29T04:31:31,113,NA,NA,28384.408576,NA,NA
2025-03-29T04:31:31,113,NA,NA,NA,9.019036,NA
2025-03-29T04:31:31,113,NA,NA,NA,NA,0.000879
2025-03-29T04:31:59,114,17.906357,NA,NA,NA,NA
2025-03-29T04:31:59,114,NA,NA,28383.840935,NA,NA
2025-03-29T04:31:59,114,NA,NA,NA,9.019217,NA
2025-03-29T04:31:59,114,NA,NA,NA,NA,0.000877
2025-03-29T04:32:27,115,18.759731,NA,NA,NA,NA
2025-03-29T04:32:27,115,NA,NA,28385.274779,NA,NA
2025-03-29T04:32:27,115,NA,NA,NA,9.018761,NA
2025-03-29T04:32:27,115,NA,NA,NA,NA,0.000875
2025-03-29T04:32:56,116,17.045288,NA,NA,NA,NA
2025-03-29T04:32:56,116,NA,NA,28425.350183,NA,NA
2025-03-29T04:32:56,116,NA,NA,NA,9.006045,NA
2025-03-29T04:32:56,116,NA,NA,NA,NA,0.000873
2025-03-29T04:33:24,117,17.057655,NA,NA,NA,NA
2025-03-29T04:33:24,117,NA,NA,28425.768462,NA,NA
2025-03-29T04:33:24,117,NA,NA,NA,9.005913,NA
2025-03-29T04:33:24,117,NA,NA,NA,NA,0.000871
2025-03-29T04:33:53,118,17.882219,NA,NA,NA,NA
2025-03-29T04:33:53,118,NA,NA,28671.897684,NA,NA
2025-03-29T04:33:53,118,NA,NA,NA,8.928603,NA
2025-03-29T04:33:53,118,NA,NA,NA,NA,0.000869
2025-03-29T04:34:21,119,18.237394,NA,NA,NA,NA
2025-03-29T04:34:21,119,NA,NA,28594.012730,NA,NA
2025-03-29T04:34:21,119,NA,NA,NA,8.952923,NA
2025-03-29T04:34:21,119,NA,NA,NA,NA,0.000867
2025-03-29T04:35:02,120,NA,17.199997,NA,NA,NA
2025-03-29T04:44:07,120,17.316595,NA,NA,NA,NA
2025-03-29T04:44:07,120,NA,NA,28432.395968,NA,NA
2025-03-29T04:44:07,120,NA,NA,NA,9.003814,NA
2025-03-29T04:44:07,120,NA,NA,NA,NA,0.000864
2025-03-29T04:44:35,121,17.657967,NA,NA,NA,NA
2025-03-29T04:44:35,121,NA,NA,28455.511395,NA,NA
2025-03-29T04:44:35,121,NA,NA,NA,8.996500,NA
2025-03-29T04:44:35,121,NA,NA,NA,NA,0.000862
2025-03-29T04:45:05,122,18.157581,NA,NA,NA,NA
2025-03-29T04:45:05,122,NA,NA,29290.905903,NA,NA
2025-03-29T04:45:05,122,NA,NA,NA,8.739914,NA
2025-03-29T04:45:05,122,NA,NA,NA,NA,0.000860
2025-03-29T04:45:33,123,18.382921,NA,NA,NA,NA
2025-03-29T04:45:33,123,NA,NA,28526.430620,NA,NA
2025-03-29T04:45:33,123,NA,NA,NA,8.974133,NA
2025-03-29T04:45:33,123,NA,NA,NA,NA,0.000858
2025-03-29T04:46:01,124,18.112404,NA,NA,NA,NA
2025-03-29T04:46:01,124,NA,NA,28324.868307,NA,NA
2025-03-29T04:46:01,124,NA,NA,NA,9.037994,NA
2025-03-29T04:46:01,124,NA,NA,NA,NA,0.000856
2025-03-29T04:46:30,125,18.495703,NA,NA,NA,NA
2025-03-29T04:46:30,125,NA,NA,28375.996413,NA,NA
2025-03-29T04:46:30,125,NA,NA,NA,9.021709,NA
2025-03-29T04:46:30,125,NA,NA,NA,NA,0.000854
2025-03-29T04:46:58,126,18.280838,NA,NA,NA,NA
2025-03-29T04:46:58,126,NA,NA,28391.004064,NA,NA
2025-03-29T04:46:58,126,NA,NA,NA,9.016941,NA
2025-03-29T04:46:58,126,NA,NA,NA,NA,0.000851
2025-03-29T04:47:27,127,17.385756,NA,NA,NA,NA
2025-03-29T04:47:27,127,NA,NA,28394.966901,NA,NA
2025-03-29T04:47:27,127,NA,NA,NA,9.015682,NA
2025-03-29T04:47:27,127,NA,NA,NA,NA,0.000849
2025-03-29T04:47:55,128,17.494535,NA,NA,NA,NA
2025-03-29T04:47:55,128,NA,NA,28399.394008,NA,NA
2025-03-29T04:47:55,128,NA,NA,NA,9.014277,NA
2025-03-29T04:47:55,128,NA,NA,NA,NA,0.000847
2025-03-29T04:48:23,129,18.597712,NA,NA,NA,NA
2025-03-29T04:48:23,129,NA,NA,28478.884322,NA,NA
2025-03-29T04:48:23,129,NA,NA,NA,8.989116,NA
2025-03-29T04:48:23,129,NA,NA,NA,NA,0.000845
2025-03-29T04:49:04,130,NA,17.199997,NA,NA,NA
2025-03-29T04:49:33,130,18.269735,NA,NA,NA,NA
2025-03-29T04:49:33,130,NA,NA,28361.447415,NA,NA
2025-03-29T04:49:33,130,NA,NA,NA,9.026338,NA
2025-03-29T04:49:33,130,NA,NA,NA,NA,0.000842
2025-03-29T04:50:01,131,18.388533,NA,NA,NA,NA
2025-03-29T04:50:01,131,NA,NA,28400.159032,NA,NA
2025-03-29T04:50:01,131,NA,NA,NA,9.014034,NA
2025-03-29T04:50:01,131,NA,NA,NA,NA,0.000840
2025-03-29T04:50:30,132,17.456287,NA,NA,NA,NA
2025-03-29T04:50:30,132,NA,NA,28450.913593,NA,NA
2025-03-29T04:50:30,132,NA,NA,NA,8.997953,NA
2025-03-29T04:50:30,132,NA,NA,NA,NA,0.000838
2025-03-29T04:50:58,133,17.621601,NA,NA,NA,NA
2025-03-29T04:50:58,133,NA,NA,28480.310386,NA,NA
2025-03-29T04:50:58,133,NA,NA,NA,8.988667,NA
2025-03-29T04:50:58,133,NA,NA,NA,NA,0.000835
2025-03-29T04:51:27,134,18.617496,NA,NA,NA,NA
2025-03-29T04:51:27,134,NA,NA,28613.117632,NA,NA
2025-03-29T04:51:27,134,NA,NA,NA,8.946945,NA
2025-03-29T04:51:27,134,NA,NA,NA,NA,0.000833
2025-03-29T04:51:55,135,18.349958,NA,NA,NA,NA
2025-03-29T04:51:55,135,NA,NA,28641.547730,NA,NA
2025-03-29T04:51:55,135,NA,NA,NA,8.938065,NA
2025-03-29T04:51:55,135,NA,NA,NA,NA,0.000831
2025-03-29T04:52:24,136,18.471733,NA,NA,NA,NA
2025-03-29T04:52:24,136,NA,NA,28663.395836,NA,NA
2025-03-29T04:52:24,136,NA,NA,NA,8.931252,NA
2025-03-29T04:52:24,136,NA,NA,NA,NA,0.000828
2025-03-29T04:52:52,137,17.863331,NA,NA,NA,NA
2025-03-29T04:52:52,137,NA,NA,28553.193884,NA,NA
2025-03-29T04:52:52,137,NA,NA,NA,8.965722,NA
2025-03-29T04:52:52,137,NA,NA,NA,NA,0.000826
2025-03-29T04:53:21,138,18.257347,NA,NA,NA,NA
2025-03-29T04:53:21,138,NA,NA,28539.392996,NA,NA
2025-03-29T04:53:21,138,NA,NA,NA,8.970057,NA
2025-03-29T04:53:21,138,NA,NA,NA,NA,0.000824
2025-03-29T04:53:50,139,18.230118,NA,NA,NA,NA
2025-03-29T04:53:50,139,NA,NA,28587.428645,NA,NA
2025-03-29T04:53:50,139,NA,NA,NA,8.954986,NA
2025-03-29T04:53:50,139,NA,NA,NA,NA,0.000821
2025-03-29T04:54:31,140,NA,17.399994,NA,NA,NA
2025-03-29T05:03:36,140,18.248610,NA,NA,NA,NA
2025-03-29T05:03:36,140,NA,NA,28548.401705,NA,NA
2025-03-29T05:03:36,140,NA,NA,NA,8.967227,NA
2025-03-29T05:03:36,140,NA,NA,NA,NA,0.000819
2025-03-29T05:04:04,141,16.872458,NA,NA,NA,NA
2025-03-29T05:04:04,141,NA,NA,28612.973750,NA,NA
2025-03-29T05:04:04,141,NA,NA,NA,8.946990,NA
2025-03-29T05:04:04,141,NA,NA,NA,NA,0.000816
2025-03-29T05:04:33,142,18.000648,NA,NA,NA,NA
2025-03-29T05:04:33,142,NA,NA,28511.955637,NA,NA
2025-03-29T05:04:33,142,NA,NA,NA,8.978689,NA
2025-03-29T05:04:33,142,NA,NA,NA,NA,0.000814
2025-03-29T05:05:01,143,17.374748,NA,NA,NA,NA
2025-03-29T05:05:01,143,NA,NA,28613.082462,NA,NA
2025-03-29T05:05:01,143,NA,NA,NA,8.946957,NA
2025-03-29T05:05:01,143,NA,NA,NA,NA,0.000811
2025-03-29T05:05:31,144,17.384888,NA,NA,NA,NA
2025-03-29T05:05:31,144,NA,NA,29877.634085,NA,NA
2025-03-29T05:05:31,144,NA,NA,NA,8.568282,NA
2025-03-29T05:05:31,144,NA,NA,NA,NA,0.000809
2025-03-29T05:06:00,145,17.897192,NA,NA,NA,NA
2025-03-29T05:06:00,145,NA,NA,28497.147075,NA,NA
2025-03-29T05:06:00,145,NA,NA,NA,8.983356,NA
2025-03-29T05:06:00,145,NA,NA,NA,NA,0.000806
2025-03-29T05:06:28,146,18.632631,NA,NA,NA,NA
2025-03-29T05:06:28,146,NA,NA,28668.308325,NA,NA
2025-03-29T05:06:28,146,NA,NA,NA,8.929721,NA
2025-03-29T05:06:28,146,NA,NA,NA,NA,0.000804
2025-03-29T05:06:57,147,17.959534,NA,NA,NA,NA
2025-03-29T05:06:57,147,NA,NA,28674.186209,NA,NA
2025-03-29T05:06:57,147,NA,NA,NA,8.927891,NA
2025-03-29T05:06:57,147,NA,NA,NA,NA,0.000801
2025-03-29T05:07:26,148,18.502171,NA,NA,NA,NA
2025-03-29T05:07:26,148,NA,NA,28720.111424,NA,NA
2025-03-29T05:07:26,148,NA,NA,NA,8.913614,NA
2025-03-29T05:07:26,148,NA,NA,NA,NA,0.000799
2025-03-29T05:07:54,149,18.199301,NA,NA,NA,NA
2025-03-29T05:07:54,149,NA,NA,28635.456107,NA,NA
2025-03-29T05:07:54,149,NA,NA,NA,8.939966,NA
2025-03-29T05:07:54,149,NA,NA,NA,NA,0.000796
2025-03-29T05:08:35,150,NA,17.399994,NA,NA,NA
2025-03-29T05:09:04,150,16.166969,NA,NA,NA,NA
2025-03-29T05:09:04,150,NA,NA,28539.096287,NA,NA
2025-03-29T05:09:04,150,NA,NA,NA,8.970151,NA
2025-03-29T05:09:04,150,NA,NA,NA,NA,0.000794
2025-03-29T05:09:33,151,18.787386,NA,NA,NA,NA
2025-03-29T05:09:33,151,NA,NA,28572.919852,NA,NA
2025-03-29T05:09:33,151,NA,NA,NA,8.959533,NA
2025-03-29T05:09:33,151,NA,NA,NA,NA,0.000791
2025-03-29T05:10:01,152,17.642979,NA,NA,NA,NA
2025-03-29T05:10:01,152,NA,NA,28685.100633,NA,NA
2025-03-29T05:10:01,152,NA,NA,NA,8.924494,NA
2025-03-29T05:10:01,152,NA,NA,NA,NA,0.000789
2025-03-29T05:10:30,153,18.520712,NA,NA,NA,NA
2025-03-29T05:10:30,153,NA,NA,28600.044565,NA,NA
2025-03-29T05:10:30,153,NA,NA,NA,8.951035,NA
2025-03-29T05:10:30,153,NA,NA,NA,NA,0.000786
2025-03-29T05:10:58,154,18.674089,NA,NA,NA,NA
2025-03-29T05:10:58,154,NA,NA,28537.962393,NA,NA
2025-03-29T05:10:58,154,NA,NA,NA,8.970508,NA
2025-03-29T05:10:58,154,NA,NA,NA,NA,0.000784
2025-03-29T05:11:27,155,18.955566,NA,NA,NA,NA
2025-03-29T05:11:27,155,NA,NA,29121.670700,NA,NA
2025-03-29T05:11:27,155,NA,NA,NA,8.790705,NA
2025-03-29T05:11:27,155,NA,NA,NA,NA,0.000781
2025-03-29T05:11:56,156,18.233519,NA,NA,NA,NA
2025-03-29T05:11:56,156,NA,NA,28935.751849,NA,NA
2025-03-29T05:11:56,156,NA,NA,NA,8.847187,NA
2025-03-29T05:11:56,156,NA,NA,NA,NA,0.000778
2025-03-29T05:12:25,157,17.501225,NA,NA,NA,NA
2025-03-29T05:12:25,157,NA,NA,28421.224218,NA,NA
2025-03-29T05:12:25,157,NA,NA,NA,9.007353,NA
2025-03-29T05:12:25,157,NA,NA,NA,NA,0.000776
2025-03-29T05:12:53,158,18.129862,NA,NA,NA,NA
2025-03-29T05:12:53,158,NA,NA,28383.492377,NA,NA
2025-03-29T05:12:53,158,NA,NA,NA,9.019327,NA
2025-03-29T05:12:53,158,NA,NA,NA,NA,0.000773
2025-03-29T05:13:22,159,16.284386,NA,NA,NA,NA
2025-03-29T05:13:22,159,NA,NA,28386.645551,NA,NA
2025-03-29T05:13:22,159,NA,NA,NA,9.018325,NA
2025-03-29T05:13:22,159,NA,NA,NA,NA,0.000771
2025-03-29T05:14:02,160,NA,17.399994,NA,NA,NA
2025-03-29T05:23:06,160,19.085526,NA,NA,NA,NA
2025-03-29T05:23:06,160,NA,NA,28644.137300,NA,NA
2025-03-29T05:23:06,160,NA,NA,NA,8.937257,NA
2025-03-29T05:23:06,160,NA,NA,NA,NA,0.000768
2025-03-29T05:23:35,161,17.268950,NA,NA,NA,NA
2025-03-29T05:23:35,161,NA,NA,28588.039488,NA,NA
2025-03-29T05:23:35,161,NA,NA,NA,8.954794,NA
2025-03-29T05:23:35,161,NA,NA,NA,NA,0.000765
2025-03-29T05:24:04,162,17.730103,NA,NA,NA,NA
2025-03-29T05:24:04,162,NA,NA,28596.828358,NA,NA
2025-03-29T05:24:04,162,NA,NA,NA,8.952042,NA
2025-03-29T05:24:04,162,NA,NA,NA,NA,0.000763
2025-03-29T05:24:32,163,18.089191,NA,NA,NA,NA
2025-03-29T05:24:32,163,NA,NA,28565.883792,NA,NA
2025-03-29T05:24:32,163,NA,NA,NA,8.961740,NA
2025-03-29T05:24:32,163,NA,NA,NA,NA,0.000760
2025-03-29T05:25:01,164,19.143658,NA,NA,NA,NA
2025-03-29T05:25:01,164,NA,NA,28567.146357,NA,NA
2025-03-29T05:25:01,164,NA,NA,NA,8.961343,NA
2025-03-29T05:25:01,164,NA,NA,NA,NA,0.000757
2025-03-29T05:25:29,165,19.118202,NA,NA,NA,NA
2025-03-29T05:25:29,165,NA,NA,28591.941823,NA,NA
2025-03-29T05:25:29,165,NA,NA,NA,8.953571,NA
2025-03-29T05:25:29,165,NA,NA,NA,NA,0.000755
2025-03-29T05:25:58,166,17.959166,NA,NA,NA,NA
2025-03-29T05:25:58,166,NA,NA,28507.737705,NA,NA
2025-03-29T05:25:58,166,NA,NA,NA,8.980018,NA
2025-03-29T05:25:58,166,NA,NA,NA,NA,0.000752
2025-03-29T05:26:26,167,17.775311,NA,NA,NA,NA
2025-03-29T05:26:26,167,NA,NA,28513.311546,NA,NA
2025-03-29T05:26:26,167,NA,NA,NA,8.978263,NA
2025-03-29T05:26:26,167,NA,NA,NA,NA,0.000749
2025-03-29T05:26:55,168,17.989733,NA,NA,NA,NA
2025-03-29T05:26:55,168,NA,NA,28954.781063,NA,NA
2025-03-29T05:26:55,168,NA,NA,NA,8.841372,NA
2025-03-29T05:26:55,168,NA,NA,NA,NA,0.000746
2025-03-29T05:27:24,169,18.637108,NA,NA,NA,NA
2025-03-29T05:27:24,169,NA,NA,28415.151480,NA,NA
2025-03-29T05:27:24,169,NA,NA,NA,9.009278,NA
2025-03-29T05:27:24,169,NA,NA,NA,NA,0.000744
2025-03-29T05:28:05,170,NA,18.000000,NA,NA,NA
2025-03-29T05:28:33,170,17.156513,NA,NA,NA,NA
2025-03-29T05:28:33,170,NA,NA,28417.929916,NA,NA
2025-03-29T05:28:33,170,NA,NA,NA,9.008397,NA
2025-03-29T05:28:33,170,NA,NA,NA,NA,0.000741
2025-03-29T05:29:02,171,17.734451,NA,NA,NA,NA
2025-03-29T05:29:02,171,NA,NA,28491.661579,NA,NA
2025-03-29T05:29:02,171,NA,NA,NA,8.985085,NA
2025-03-29T05:29:02,171,NA,NA,NA,NA,0.000738
2025-03-29T05:29:30,172,18.880905,NA,NA,NA,NA
2025-03-29T05:29:30,172,NA,NA,28441.815710,NA,NA
2025-03-29T05:29:30,172,NA,NA,NA,9.000832,NA
2025-03-29T05:29:30,172,NA,NA,NA,NA,0.000735
2025-03-29T05:29:59,173,17.310081,NA,NA,NA,NA
2025-03-29T05:29:59,173,NA,NA,28415.539557,NA,NA
2025-03-29T05:29:59,173,NA,NA,NA,9.009155,NA
2025-03-29T05:29:59,173,NA,NA,NA,NA,0.000733
2025-03-29T05:30:27,174,17.374062,NA,NA,NA,NA
2025-03-29T05:30:27,174,NA,NA,28872.230671,NA,NA
2025-03-29T05:30:27,174,NA,NA,NA,8.866652,NA
2025-03-29T05:30:27,174,NA,NA,NA,NA,0.000730
2025-03-29T05:30:56,175,18.169762,NA,NA,NA,NA
2025-03-29T05:30:56,175,NA,NA,28494.212034,NA,NA
2025-03-29T05:30:56,175,NA,NA,NA,8.984281,NA
2025-03-29T05:30:56,175,NA,NA,NA,NA,0.000727
2025-03-29T05:31:24,176,18.265480,NA,NA,NA,NA
2025-03-29T05:31:24,176,NA,NA,28512.384835,NA,NA
2025-03-29T05:31:24,176,NA,NA,NA,8.978555,NA
2025-03-29T05:31:24,176,NA,NA,NA,NA,0.000724
2025-03-29T05:31:53,177,17.692417,NA,NA,NA,NA
2025-03-29T05:31:53,177,NA,NA,28527.997054,NA,NA
2025-03-29T05:31:53,177,NA,NA,NA,8.973640,NA
2025-03-29T05:31:53,177,NA,NA,NA,NA,0.000721
2025-03-29T05:32:21,178,17.743225,NA,NA,NA,NA
2025-03-29T05:32:21,178,NA,NA,28506.241751,NA,NA
2025-03-29T05:32:21,178,NA,NA,NA,8.980490,NA
2025-03-29T05:32:21,178,NA,NA,NA,NA,0.000719
2025-03-29T05:32:50,179,18.598921,NA,NA,NA,NA
2025-03-29T05:32:50,179,NA,NA,28437.852494,NA,NA
2025-03-29T05:32:50,179,NA,NA,NA,9.002087,NA
2025-03-29T05:32:50,179,NA,NA,NA,NA,0.000716
2025-03-29T05:33:31,180,NA,17.399994,NA,NA,NA
2025-03-29T05:42:51,180,17.056316,NA,NA,NA,NA
2025-03-29T05:42:51,180,NA,NA,28537.903914,NA,NA
2025-03-29T05:42:51,180,NA,NA,NA,8.970526,NA
2025-03-29T05:42:51,180,NA,NA,NA,NA,0.000713
2025-03-29T05:43:19,181,17.259365,NA,NA,NA,NA
2025-03-29T05:43:19,181,NA,NA,28469.366383,NA,NA
2025-03-29T05:43:19,181,NA,NA,NA,8.992122,NA
2025-03-29T05:43:19,181,NA,NA,NA,NA,0.000710
2025-03-29T05:43:48,182,18.927723,NA,NA,NA,NA
2025-03-29T05:43:48,182,NA,NA,28470.299602,NA,NA
2025-03-29T05:43:48,182,NA,NA,NA,8.991827,NA
2025-03-29T05:43:48,182,NA,NA,NA,NA,0.000707
2025-03-29T05:44:16,183,17.443480,NA,NA,NA,NA
2025-03-29T05:44:16,183,NA,NA,28644.052649,NA,NA
2025-03-29T05:44:16,183,NA,NA,NA,8.937283,NA
2025-03-29T05:44:16,183,NA,NA,NA,NA,0.000704
2025-03-29T05:44:45,184,16.735123,NA,NA,NA,NA
2025-03-29T05:44:45,184,NA,NA,28590.761272,NA,NA
2025-03-29T05:44:45,184,NA,NA,NA,8.953941,NA
2025-03-29T05:44:45,184,NA,NA,NA,NA,0.000701
2025-03-29T05:45:14,185,17.563644,NA,NA,NA,NA
2025-03-29T05:45:14,185,NA,NA,29119.858935,NA,NA
2025-03-29T05:45:14,185,NA,NA,NA,8.791251,NA
2025-03-29T05:45:14,185,NA,NA,NA,NA,0.000699
2025-03-29T05:45:43,186,18.158539,NA,NA,NA,NA
2025-03-29T05:45:43,186,NA,NA,28597.246574,NA,NA
2025-03-29T05:45:43,186,NA,NA,NA,8.951911,NA
2025-03-29T05:45:43,186,NA,NA,NA,NA,0.000696
2025-03-29T05:46:11,187,17.879866,NA,NA,NA,NA
2025-03-29T05:46:11,187,NA,NA,28520.201544,NA,NA
2025-03-29T05:46:11,187,NA,NA,NA,8.976093,NA
2025-03-29T05:46:11,187,NA,NA,NA,NA,0.000693
2025-03-29T05:46:40,188,18.023039,NA,NA,NA,NA
2025-03-29T05:46:40,188,NA,NA,28493.451217,NA,NA
2025-03-29T05:46:40,188,NA,NA,NA,8.984521,NA
2025-03-29T05:46:40,188,NA,NA,NA,NA,0.000690
2025-03-29T05:47:08,189,17.984095,NA,NA,NA,NA
2025-03-29T05:47:08,189,NA,NA,28459.704436,NA,NA
2025-03-29T05:47:08,189,NA,NA,NA,8.995174,NA
2025-03-29T05:47:08,189,NA,NA,NA,NA,0.000687
2025-03-29T05:47:49,190,NA,17.599991,NA,NA,NA
2025-03-29T05:48:17,190,16.606363,NA,NA,NA,NA
2025-03-29T05:48:17,190,NA,NA,28557.489283,NA,NA
2025-03-29T05:48:17,190,NA,NA,NA,8.964374,NA
2025-03-29T05:48:17,190,NA,NA,NA,NA,0.000684
2025-03-29T05:48:46,191,18.064827,NA,NA,NA,NA
2025-03-29T05:48:46,191,NA,NA,28618.309304,NA,NA
2025-03-29T05:48:46,191,NA,NA,NA,8.945322,NA
2025-03-29T05:48:46,191,NA,NA,NA,NA,0.000681
2025-03-29T05:49:15,192,18.121355,NA,NA,NA,NA
2025-03-29T05:49:15,192,NA,NA,28513.011422,NA,NA
2025-03-29T05:49:15,192,NA,NA,NA,8.978357,NA
2025-03-29T05:49:15,192,NA,NA,NA,NA,0.000678
2025-03-29T05:49:43,193,18.025490,NA,NA,NA,NA
2025-03-29T05:49:43,193,NA,NA,28428.465948,NA,NA
2025-03-29T05:49:43,193,NA,NA,NA,9.005058,NA
2025-03-29T05:49:43,193,NA,NA,NA,NA,0.000675
2025-03-29T05:50:12,194,17.930870,NA,NA,NA,NA
2025-03-29T05:50:12,194,NA,NA,28556.731321,NA,NA
2025-03-29T05:50:12,194,NA,NA,NA,8.964611,NA
2025-03-29T05:50:12,194,NA,NA,NA,NA,0.000672
2025-03-29T05:50:40,195,19.345083,NA,NA,NA,NA
2025-03-29T05:50:40,195,NA,NA,28569.169423,NA,NA
2025-03-29T05:50:40,195,NA,NA,NA,8.960709,NA
2025-03-29T05:50:40,195,NA,NA,NA,NA,0.000669
2025-03-29T05:51:09,196,18.306190,NA,NA,NA,NA
2025-03-29T05:51:09,196,NA,NA,28486.530477,NA,NA
2025-03-29T05:51:09,196,NA,NA,NA,8.986703,NA
2025-03-29T05:51:09,196,NA,NA,NA,NA,0.000666
2025-03-29T05:51:37,197,18.466463,NA,NA,NA,NA
2025-03-29T05:51:37,197,NA,NA,28657.034444,NA,NA
2025-03-29T05:51:37,197,NA,NA,NA,8.933234,NA
2025-03-29T05:51:37,197,NA,NA,NA,NA,0.000663
2025-03-29T05:52:06,198,18.209217,NA,NA,NA,NA
2025-03-29T05:52:06,198,NA,NA,28649.565329,NA,NA
2025-03-29T05:52:06,198,NA,NA,NA,8.935563,NA
2025-03-29T05:52:06,198,NA,NA,NA,NA,0.000660
2025-03-29T05:52:35,199,18.211229,NA,NA,NA,NA
2025-03-29T05:52:35,199,NA,NA,28689.966705,NA,NA
2025-03-29T05:52:35,199,NA,NA,NA,8.922980,NA
2025-03-29T05:52:35,199,NA,NA,NA,NA,0.000657
2025-03-29T05:53:16,200,NA,17.599991,NA,NA,NA
2025-03-29T06:02:20,200,18.901825,NA,NA,NA,NA
2025-03-29T06:02:20,200,NA,NA,28415.631838,NA,NA
2025-03-29T06:02:20,200,NA,NA,NA,9.009126,NA
2025-03-29T06:02:20,200,NA,NA,NA,NA,0.000655
2025-03-29T06:02:49,201,18.177519,NA,NA,NA,NA
2025-03-29T06:02:49,201,NA,NA,28420.564190,NA,NA
2025-03-29T06:02:49,201,NA,NA,NA,9.007563,NA
2025-03-29T06:02:49,201,NA,NA,NA,NA,0.000652
2025-03-29T06:03:17,202,19.007875,NA,NA,NA,NA
2025-03-29T06:03:17,202,NA,NA,28404.217258,NA,NA
2025-03-29T06:03:17,202,NA,NA,NA,9.012746,NA
2025-03-29T06:03:17,202,NA,NA,NA,NA,0.000649
2025-03-29T06:03:45,203,16.226755,NA,NA,NA,NA
2025-03-29T06:03:45,203,NA,NA,28964.518555,NA,NA
2025-03-29T06:03:45,203,NA,NA,NA,8.838400,NA
2025-03-29T06:03:45,203,NA,NA,NA,NA,0.000646
2025-03-29T06:04:14,204,18.151119,NA,NA,NA,NA
2025-03-29T06:04:14,204,NA,NA,28595.226015,NA,NA
2025-03-29T06:04:14,204,NA,NA,NA,8.952543,NA
2025-03-29T06:04:14,204,NA,NA,NA,NA,0.000643
2025-03-29T06:04:43,205,17.963694,NA,NA,NA,NA
2025-03-29T06:04:43,205,NA,NA,28458.639915,NA,NA
2025-03-29T06:04:43,205,NA,NA,NA,8.995511,NA
2025-03-29T06:04:43,205,NA,NA,NA,NA,0.000639
2025-03-29T06:05:11,206,16.921265,NA,NA,NA,NA
2025-03-29T06:05:11,206,NA,NA,28521.795872,NA,NA
2025-03-29T06:05:11,206,NA,NA,NA,8.975592,NA
2025-03-29T06:05:11,206,NA,NA,NA,NA,0.000636
2025-03-29T06:05:40,207,16.991028,NA,NA,NA,NA
2025-03-29T06:05:40,207,NA,NA,28668.425655,NA,NA
2025-03-29T06:05:40,207,NA,NA,NA,8.929685,NA
2025-03-29T06:05:40,207,NA,NA,NA,NA,0.000633
2025-03-29T06:06:08,208,17.839973,NA,NA,NA,NA
2025-03-29T06:06:08,208,NA,NA,29008.827157,NA,NA
2025-03-29T06:06:08,208,NA,NA,NA,8.824900,NA
2025-03-29T06:06:08,208,NA,NA,NA,NA,0.000630
2025-03-29T06:06:37,209,17.846140,NA,NA,NA,NA
2025-03-29T06:06:37,209,NA,NA,29093.214498,NA,NA
2025-03-29T06:06:37,209,NA,NA,NA,8.799303,NA
2025-03-29T06:06:37,209,NA,NA,NA,NA,0.000627
2025-03-29T06:07:18,210,NA,17.399994,NA,NA,NA
2025-03-29T06:07:47,210,19.036997,NA,NA,NA,NA
2025-03-29T06:07:47,210,NA,NA,28724.297578,NA,NA
2025-03-29T06:07:47,210,NA,NA,NA,8.912315,NA
2025-03-29T06:07:47,210,NA,NA,NA,NA,0.000624
2025-03-29T06:08:15,211,18.299902,NA,NA,NA,NA
2025-03-29T06:08:15,211,NA,NA,28984.100756,NA,NA
2025-03-29T06:08:15,211,NA,NA,NA,8.832429,NA
2025-03-29T06:08:15,211,NA,NA,NA,NA,0.000621
2025-03-29T06:08:44,212,16.987848,NA,NA,NA,NA
2025-03-29T06:08:44,212,NA,NA,29046.648217,NA,NA
2025-03-29T06:08:44,212,NA,NA,NA,8.813409,NA
2025-03-29T06:08:44,212,NA,NA,NA,NA,0.000618
2025-03-29T06:09:13,213,16.482889,NA,NA,NA,NA
2025-03-29T06:09:13,213,NA,NA,29075.755701,NA,NA
2025-03-29T06:09:13,213,NA,NA,NA,8.804586,NA
2025-03-29T06:09:13,213,NA,NA,NA,NA,0.000615
2025-03-29T06:09:41,214,17.409142,NA,NA,NA,NA
2025-03-29T06:09:41,214,NA,NA,29062.617632,NA,NA
2025-03-29T06:09:41,214,NA,NA,NA,8.808566,NA
2025-03-29T06:09:41,214,NA,NA,NA,NA,0.000612
2025-03-29T06:10:10,215,17.763981,NA,NA,NA,NA
2025-03-29T06:10:10,215,NA,NA,28918.056839,NA,NA
2025-03-29T06:10:10,215,NA,NA,NA,8.852600,NA
2025-03-29T06:10:10,215,NA,NA,NA,NA,0.000609
2025-03-29T06:10:38,216,17.788439,NA,NA,NA,NA
2025-03-29T06:10:38,216,NA,NA,29108.977492,NA,NA
2025-03-29T06:10:38,216,NA,NA,NA,8.794538,NA
2025-03-29T06:10:38,216,NA,NA,NA,NA,0.000606
2025-03-29T06:11:07,217,16.915550,NA,NA,NA,NA
2025-03-29T06:11:07,217,NA,NA,28865.724361,NA,NA
2025-03-29T06:11:07,217,NA,NA,NA,8.868649,NA
2025-03-29T06:11:07,217,NA,NA,NA,NA,0.000603
2025-03-29T06:11:36,218,18.949596,NA,NA,NA,NA
2025-03-29T06:11:36,218,NA,NA,29043.478288,NA,NA
2025-03-29T06:11:36,218,NA,NA,NA,8.814371,NA
2025-03-29T06:11:36,218,NA,NA,NA,NA,0.000600
2025-03-29T06:12:04,219,18.022362,NA,NA,NA,NA
2025-03-29T06:12:04,219,NA,NA,28873.468959,NA,NA
2025-03-29T06:12:04,219,NA,NA,NA,8.866271,NA
2025-03-29T06:12:04,219,NA,NA,NA,NA,0.000597
2025-03-29T06:12:45,220,NA,17.599991,NA,NA,NA
2025-03-29T06:21:49,220,17.907862,NA,NA,NA,NA
2025-03-29T06:21:49,220,NA,NA,29169.916258,NA,NA
2025-03-29T06:21:49,220,NA,NA,NA,8.776165,NA
2025-03-29T06:21:49,220,NA,NA,NA,NA,0.000594
2025-03-29T06:22:18,221,18.224415,NA,NA,NA,NA
2025-03-29T06:22:18,221,NA,NA,29397.211293,NA,NA
2025-03-29T06:22:18,221,NA,NA,NA,8.708309,NA
2025-03-29T06:22:18,221,NA,NA,NA,NA,0.000591
2025-03-29T06:22:47,222,18.220648,NA,NA,NA,NA
2025-03-29T06:22:47,222,NA,NA,28985.137758,NA,NA
2025-03-29T06:22:47,222,NA,NA,NA,8.832112,NA
2025-03-29T06:22:47,222,NA,NA,NA,NA,0.000588
2025-03-29T06:23:15,223,18.139370,NA,NA,NA,NA
2025-03-29T06:23:15,223,NA,NA,29164.508730,NA,NA
2025-03-29T06:23:15,223,NA,NA,NA,8.777792,NA
2025-03-29T06:23:15,223,NA,NA,NA,NA,0.000584
2025-03-29T06:23:44,224,18.430548,NA,NA,NA,NA
2025-03-29T06:23:44,224,NA,NA,29031.967558,NA,NA
2025-03-29T06:23:44,224,NA,NA,NA,8.817866,NA
2025-03-29T06:23:44,224,NA,NA,NA,NA,0.000581
2025-03-29T06:24:13,225,19.071585,NA,NA,NA,NA
2025-03-29T06:24:13,225,NA,NA,29111.736280,NA,NA
2025-03-29T06:24:13,225,NA,NA,NA,8.793704,NA
2025-03-29T06:24:13,225,NA,NA,NA,NA,0.000578
2025-03-29T06:24:42,226,18.311977,NA,NA,NA,NA
2025-03-29T06:24:42,226,NA,NA,29147.495308,NA,NA
2025-03-29T06:24:42,226,NA,NA,NA,8.782916,NA
2025-03-29T06:24:42,226,NA,NA,NA,NA,0.000575
2025-03-29T06:25:10,227,17.572113,NA,NA,NA,NA
2025-03-29T06:25:10,227,NA,NA,29018.817486,NA,NA
2025-03-29T06:25:10,227,NA,NA,NA,8.821862,NA
2025-03-29T06:25:10,227,NA,NA,NA,NA,0.000572
2025-03-29T06:25:39,228,18.625824,NA,NA,NA,NA
2025-03-29T06:25:39,228,NA,NA,28948.085165,NA,NA
2025-03-29T06:25:39,228,NA,NA,NA,8.843417,NA
2025-03-29T06:25:39,228,NA,NA,NA,NA,0.000569
2025-03-29T06:26:07,229,17.552334,NA,NA,NA,NA
2025-03-29T06:26:07,229,NA,NA,28917.008560,NA,NA
2025-03-29T06:26:07,229,NA,NA,NA,8.852921,NA
2025-03-29T06:26:07,229,NA,NA,NA,NA,0.000566
2025-03-29T06:26:48,230,NA,17.799988,NA,NA,NA
2025-03-29T06:27:17,230,18.513235,NA,NA,NA,NA
2025-03-29T06:27:17,230,NA,NA,28908.235515,NA,NA
2025-03-29T06:27:17,230,NA,NA,NA,8.855608,NA
2025-03-29T06:27:17,230,NA,NA,NA,NA,0.000563
2025-03-29T06:27:46,231,17.965202,NA,NA,NA,NA
2025-03-29T06:27:46,231,NA,NA,29633.780299,NA,NA
2025-03-29T06:27:46,231,NA,NA,NA,8.638790,NA
2025-03-29T06:27:46,231,NA,NA,NA,NA,0.000560
2025-03-29T06:28:14,232,17.783314,NA,NA,NA,NA
2025-03-29T06:28:14,232,NA,NA,29053.476322,NA,NA
2025-03-29T06:28:14,232,NA,NA,NA,8.811338,NA
2025-03-29T06:28:14,232,NA,NA,NA,NA,0.000556
2025-03-29T06:28:43,233,20.156435,NA,NA,NA,NA
2025-03-29T06:28:43,233,NA,NA,28974.440643,NA,NA
2025-03-29T06:28:43,233,NA,NA,NA,8.835373,NA
2025-03-29T06:28:43,233,NA,NA,NA,NA,0.000553
2025-03-29T06:29:11,234,17.685263,NA,NA,NA,NA
2025-03-29T06:29:11,234,NA,NA,28961.059890,NA,NA
2025-03-29T06:29:11,234,NA,NA,NA,8.839456,NA
2025-03-29T06:29:11,234,NA,NA,NA,NA,0.000550
2025-03-29T06:29:40,235,17.064400,NA,NA,NA,NA
2025-03-29T06:29:40,235,NA,NA,28960.827706,NA,NA
2025-03-29T06:29:40,235,NA,NA,NA,8.839526,NA
2025-03-29T06:29:40,235,NA,NA,NA,NA,0.000547
2025-03-29T06:30:09,236,17.684372,NA,NA,NA,NA
2025-03-29T06:30:09,236,NA,NA,29326.132932,NA,NA
2025-03-29T06:30:09,236,NA,NA,NA,8.729416,NA
2025-03-29T06:30:09,236,NA,NA,NA,NA,0.000544
2025-03-29T06:30:37,237,18.344160,NA,NA,NA,NA
2025-03-29T06:30:37,237,NA,NA,29060.200002,NA,NA
2025-03-29T06:30:37,237,NA,NA,NA,8.809299,NA
2025-03-29T06:30:37,237,NA,NA,NA,NA,0.000541
2025-03-29T06:31:06,238,20.010748,NA,NA,NA,NA
2025-03-29T06:31:06,238,NA,NA,28847.998049,NA,NA
2025-03-29T06:31:06,238,NA,NA,NA,8.874100,NA
2025-03-29T06:31:06,238,NA,NA,NA,NA,0.000538
2025-03-29T06:31:35,239,18.409517,NA,NA,NA,NA
2025-03-29T06:31:35,239,NA,NA,29099.928476,NA,NA
2025-03-29T06:31:35,239,NA,NA,NA,8.797273,NA
2025-03-29T06:31:35,239,NA,NA,NA,NA,0.000535
2025-03-29T06:32:15,240,NA,17.599991,NA,NA,NA
2025-03-29T06:41:19,240,17.061695,NA,NA,NA,NA
2025-03-29T06:41:19,240,NA,NA,28949.076985,NA,NA
2025-03-29T06:41:19,240,NA,NA,NA,8.843115,NA
2025-03-29T06:41:19,240,NA,NA,NA,NA,0.000531
2025-03-29T06:41:48,241,20.085600,NA,NA,NA,NA
2025-03-29T06:41:48,241,NA,NA,29139.449497,NA,NA
2025-03-29T06:41:48,241,NA,NA,NA,8.785341,NA
2025-03-29T06:41:48,241,NA,NA,NA,NA,0.000528
2025-03-29T06:42:17,242,17.130692,NA,NA,NA,NA
2025-03-29T06:42:17,242,NA,NA,29005.436271,NA,NA
2025-03-29T06:42:17,242,NA,NA,NA,8.825932,NA
2025-03-29T06:42:17,242,NA,NA,NA,NA,0.000525
2025-03-29T06:42:46,243,17.937893,NA,NA,NA,NA
2025-03-29T06:42:46,243,NA,NA,29616.696700,NA,NA
2025-03-29T06:42:46,243,NA,NA,NA,8.643773,NA
2025-03-29T06:42:46,243,NA,NA,NA,NA,0.000522
2025-03-29T06:43:15,244,18.683264,NA,NA,NA,NA
2025-03-29T06:43:15,244,NA,NA,29076.416687,NA,NA
2025-03-29T06:43:15,244,NA,NA,NA,8.804386,NA
2025-03-29T06:43:15,244,NA,NA,NA,NA,0.000519
2025-03-29T06:43:43,245,19.106321,NA,NA,NA,NA
2025-03-29T06:43:43,245,NA,NA,29022.496206,NA,NA
2025-03-29T06:43:43,245,NA,NA,NA,8.820744,NA
2025-03-29T06:43:43,245,NA,NA,NA,NA,0.000516
2025-03-29T06:44:11,246,18.427773,NA,NA,NA,NA
2025-03-29T06:44:11,246,NA,NA,28993.258862,NA,NA
2025-03-29T06:44:11,246,NA,NA,NA,8.829638,NA
2025-03-29T06:44:11,246,NA,NA,NA,NA,0.000513
2025-03-29T06:44:40,247,18.706503,NA,NA,NA,NA
2025-03-29T06:44:40,247,NA,NA,29012.742802,NA,NA
2025-03-29T06:44:40,247,NA,NA,NA,8.823709,NA
2025-03-29T06:44:40,247,NA,NA,NA,NA,0.000509
2025-03-29T06:45:09,248,17.561111,NA,NA,NA,NA
2025-03-29T06:45:09,248,NA,NA,29474.445779,NA,NA
2025-03-29T06:45:09,248,NA,NA,NA,8.685490,NA
2025-03-29T06:45:09,248,NA,NA,NA,NA,0.000506
2025-03-29T06:45:38,249,17.488892,NA,NA,NA,NA
2025-03-29T06:45:38,249,NA,NA,29222.552891,NA,NA
2025-03-29T06:45:38,249,NA,NA,NA,8.760357,NA
2025-03-29T06:45:38,249,NA,NA,NA,NA,0.000503
2025-03-29T06:46:18,250,NA,17.399994,NA,NA,NA
2025-03-29T06:46:47,250,19.371962,NA,NA,NA,NA
2025-03-29T06:46:47,250,NA,NA,28931.903636,NA,NA
2025-03-29T06:46:47,250,NA,NA,NA,8.848364,NA
2025-03-29T06:46:47,250,NA,NA,NA,NA,0.000500
2025-03-29T06:47:15,251,17.572626,NA,NA,NA,NA
2025-03-29T06:47:15,251,NA,NA,28997.725369,NA,NA
2025-03-29T06:47:15,251,NA,NA,NA,8.828279,NA
2025-03-29T06:47:15,251,NA,NA,NA,NA,0.000497
2025-03-29T06:47:45,252,18.090818,NA,NA,NA,NA
2025-03-29T06:47:45,252,NA,NA,29136.165639,NA,NA
2025-03-29T06:47:45,252,NA,NA,NA,8.786331,NA
2025-03-29T06:47:45,252,NA,NA,NA,NA,0.000494
2025-03-29T06:48:13,253,17.886131,NA,NA,NA,NA
2025-03-29T06:48:13,253,NA,NA,29138.568357,NA,NA
2025-03-29T06:48:13,253,NA,NA,NA,8.785606,NA
2025-03-29T06:48:13,253,NA,NA,NA,NA,0.000491
2025-03-29T06:48:42,254,17.781958,NA,NA,NA,NA
2025-03-29T06:48:42,254,NA,NA,28926.176025,NA,NA
2025-03-29T06:48:42,254,NA,NA,NA,8.850116,NA
2025-03-29T06:48:42,254,NA,NA,NA,NA,0.000487
2025-03-29T06:49:10,255,18.102060,NA,NA,NA,NA
2025-03-29T06:49:10,255,NA,NA,28905.043649,NA,NA
2025-03-29T06:49:10,255,NA,NA,NA,8.856586,NA
2025-03-29T06:49:10,255,NA,NA,NA,NA,0.000484
2025-03-29T06:49:38,256,18.089375,NA,NA,NA,NA
2025-03-29T06:49:38,256,NA,NA,28950.138714,NA,NA
2025-03-29T06:49:38,256,NA,NA,NA,8.842790,NA
2025-03-29T06:49:38,256,NA,NA,NA,NA,0.000481
2025-03-29T06:50:07,257,19.405611,NA,NA,NA,NA
2025-03-29T06:50:07,257,NA,NA,28956.557243,NA,NA
2025-03-29T06:50:07,257,NA,NA,NA,8.840830,NA
2025-03-29T06:50:07,257,NA,NA,NA,NA,0.000478
2025-03-29T06:50:35,258,17.025787,NA,NA,NA,NA
2025-03-29T06:50:35,258,NA,NA,28945.682631,NA,NA
2025-03-29T06:50:35,258,NA,NA,NA,8.844151,NA
2025-03-29T06:50:35,258,NA,NA,NA,NA,0.000475
2025-03-29T06:51:04,259,17.819466,NA,NA,NA,NA
2025-03-29T06:51:04,259,NA,NA,29078.450054,NA,NA
2025-03-29T06:51:04,259,NA,NA,NA,8.803770,NA
2025-03-29T06:51:04,259,NA,NA,NA,NA,0.000472
2025-03-29T06:51:45,260,NA,17.199997,NA,NA,NA
2025-03-29T07:00:49,260,17.261051,NA,NA,NA,NA
2025-03-29T07:00:49,260,NA,NA,28997.204136,NA,NA
2025-03-29T07:00:49,260,NA,NA,NA,8.828438,NA
2025-03-29T07:00:49,260,NA,NA,NA,NA,0.000469
2025-03-29T07:01:18,261,17.673025,NA,NA,NA,NA
2025-03-29T07:01:18,261,NA,NA,28998.223465,NA,NA
2025-03-29T07:01:18,261,NA,NA,NA,8.828127,NA
2025-03-29T07:01:18,261,NA,NA,NA,NA,0.000465
2025-03-29T07:01:46,262,15.740212,NA,NA,NA,NA
2025-03-29T07:01:46,262,NA,NA,29049.603622,NA,NA
2025-03-29T07:01:46,262,NA,NA,NA,8.812512,NA
2025-03-29T07:01:46,262,NA,NA,NA,NA,0.000462
2025-03-29T07:02:15,263,19.273794,NA,NA,NA,NA
2025-03-29T07:02:15,263,NA,NA,28967.724336,NA,NA
2025-03-29T07:02:15,263,NA,NA,NA,8.837421,NA
2025-03-29T07:02:15,263,NA,NA,NA,NA,0.000459
2025-03-29T07:02:43,264,18.842327,NA,NA,NA,NA
2025-03-29T07:02:43,264,NA,NA,29116.370978,NA,NA
2025-03-29T07:02:43,264,NA,NA,NA,8.792304,NA
2025-03-29T07:02:43,264,NA,NA,NA,NA,0.000456
2025-03-29T07:03:12,265,19.502636,NA,NA,NA,NA
2025-03-29T07:03:12,265,NA,NA,29133.270377,NA,NA
2025-03-29T07:03:12,265,NA,NA,NA,8.787205,NA
2025-03-29T07:03:12,265,NA,NA,NA,NA,0.000453
2025-03-29T07:03:40,266,18.992393,NA,NA,NA,NA
2025-03-29T07:03:40,266,NA,NA,29074.710141,NA,NA
2025-03-29T07:03:40,266,NA,NA,NA,8.804903,NA
2025-03-29T07:03:40,266,NA,NA,NA,NA,0.000450
2025-03-29T07:04:09,267,16.717695,NA,NA,NA,NA
2025-03-29T07:04:09,267,NA,NA,28959.881221,NA,NA
2025-03-29T07:04:09,267,NA,NA,NA,8.839815,NA
2025-03-29T07:04:09,267,NA,NA,NA,NA,0.000447
2025-03-29T07:04:38,268,18.342043,NA,NA,NA,NA
2025-03-29T07:04:38,268,NA,NA,28977.065981,NA,NA
2025-03-29T07:04:38,268,NA,NA,NA,8.834573,NA
2025-03-29T07:04:38,268,NA,NA,NA,NA,0.000444
2025-03-29T07:05:06,269,18.617142,NA,NA,NA,NA
2025-03-29T07:05:06,269,NA,NA,29027.120132,NA,NA
2025-03-29T07:05:06,269,NA,NA,NA,8.819339,NA
2025-03-29T07:05:06,269,NA,NA,NA,NA,0.000440
2025-03-29T07:05:47,270,NA,17.199997,NA,NA,NA
2025-03-29T07:06:15,270,17.312643,NA,NA,NA,NA
2025-03-29T07:06:15,270,NA,NA,29355.805551,NA,NA
2025-03-29T07:06:15,270,NA,NA,NA,8.720592,NA
2025-03-29T07:06:15,270,NA,NA,NA,NA,0.000437
2025-03-29T07:06:45,271,17.886343,NA,NA,NA,NA
2025-03-29T07:06:45,271,NA,NA,29127.457648,NA,NA
2025-03-29T07:06:45,271,NA,NA,NA,8.788958,NA
2025-03-29T07:06:45,271,NA,NA,NA,NA,0.000434
2025-03-29T07:07:13,272,18.129288,NA,NA,NA,NA
2025-03-29T07:07:13,272,NA,NA,29169.104923,NA,NA
2025-03-29T07:07:13,272,NA,NA,NA,8.776409,NA
2025-03-29T07:07:13,272,NA,NA,NA,NA,0.000431
2025-03-29T07:07:42,273,18.906809,NA,NA,NA,NA
2025-03-29T07:07:42,273,NA,NA,29181.819444,NA,NA
2025-03-29T07:07:42,273,NA,NA,NA,8.772585,NA
2025-03-29T07:07:42,273,NA,NA,NA,NA,0.000428
2025-03-29T07:08:11,274,18.999737,NA,NA,NA,NA
2025-03-29T07:08:11,274,NA,NA,29326.627910,NA,NA
2025-03-29T07:08:11,274,NA,NA,NA,8.729268,NA
2025-03-29T07:08:11,274,NA,NA,NA,NA,0.000425
2025-03-29T07:08:39,275,19.393524,NA,NA,NA,NA
2025-03-29T07:08:39,275,NA,NA,28933.833813,NA,NA
2025-03-29T07:08:39,275,NA,NA,NA,8.847774,NA
2025-03-29T07:08:39,275,NA,NA,NA,NA,0.000422
2025-03-29T07:09:07,276,17.565348,NA,NA,NA,NA
2025-03-29T07:09:07,276,NA,NA,29175.936245,NA,NA
2025-03-29T07:09:07,276,NA,NA,NA,8.774354,NA
2025-03-29T07:09:07,276,NA,NA,NA,NA,0.000419
2025-03-29T07:09:36,277,18.792286,NA,NA,NA,NA
2025-03-29T07:09:36,277,NA,NA,29046.752389,NA,NA
2025-03-29T07:09:36,277,NA,NA,NA,8.813377,NA
2025-03-29T07:09:36,277,NA,NA,NA,NA,0.000416
2025-03-29T07:10:04,278,17.752735,NA,NA,NA,NA
2025-03-29T07:10:04,278,NA,NA,29055.800442,NA,NA
2025-03-29T07:10:04,278,NA,NA,NA,8.810634,NA
2025-03-29T07:10:04,278,NA,NA,NA,NA,0.000412
2025-03-29T07:10:33,279,18.869316,NA,NA,NA,NA
2025-03-29T07:10:33,279,NA,NA,29027.435150,NA,NA
2025-03-29T07:10:33,279,NA,NA,NA,8.819242,NA
2025-03-29T07:10:33,279,NA,NA,NA,NA,0.000409
2025-03-29T07:11:14,280,NA,17.199997,NA,NA,NA
2025-03-29T07:20:18,280,17.812670,NA,NA,NA,NA
2025-03-29T07:20:18,280,NA,NA,29073.403592,NA,NA
2025-03-29T07:20:18,280,NA,NA,NA,8.805299,NA
2025-03-29T07:20:18,280,NA,NA,NA,NA,0.000406
2025-03-29T07:20:46,281,18.076447,NA,NA,NA,NA
2025-03-29T07:20:46,281,NA,NA,29261.103077,NA,NA
2025-03-29T07:20:46,281,NA,NA,NA,8.748816,NA
2025-03-29T07:20:46,281,NA,NA,NA,NA,0.000403
2025-03-29T07:21:15,282,18.338367,NA,NA,NA,NA
2025-03-29T07:21:15,282,NA,NA,29345.812787,NA,NA
2025-03-29T07:21:15,282,NA,NA,NA,8.723561,NA
2025-03-29T07:21:15,282,NA,NA,NA,NA,0.000400
2025-03-29T07:21:44,283,17.234028,NA,NA,NA,NA
2025-03-29T07:21:44,283,NA,NA,29268.299002,NA,NA
2025-03-29T07:21:44,283,NA,NA,NA,8.746665,NA
2025-03-29T07:21:44,283,NA,NA,NA,NA,0.000397
2025-03-29T07:22:13,284,17.520180,NA,NA,NA,NA
2025-03-29T07:22:13,284,NA,NA,29236.417867,NA,NA
2025-03-29T07:22:13,284,NA,NA,NA,8.756203,NA
2025-03-29T07:22:13,284,NA,NA,NA,NA,0.000394
2025-03-29T07:22:41,285,16.418457,NA,NA,NA,NA
2025-03-29T07:22:41,285,NA,NA,29111.456952,NA,NA
2025-03-29T07:22:41,285,NA,NA,NA,8.793789,NA
2025-03-29T07:22:41,285,NA,NA,NA,NA,0.000391
2025-03-29T07:23:10,286,18.958954,NA,NA,NA,NA
2025-03-29T07:23:10,286,NA,NA,29139.514339,NA,NA
2025-03-29T07:23:10,286,NA,NA,NA,8.785321,NA
2025-03-29T07:23:10,286,NA,NA,NA,NA,0.000388
2025-03-29T07:23:39,287,20.104324,NA,NA,NA,NA
2025-03-29T07:23:39,287,NA,NA,29155.472293,NA,NA
2025-03-29T07:23:39,287,NA,NA,NA,8.780513,NA
2025-03-29T07:23:39,287,NA,NA,NA,NA,0.000385
2025-03-29T07:24:07,288,18.948433,NA,NA,NA,NA
2025-03-29T07:24:07,288,NA,NA,29193.631199,NA,NA
2025-03-29T07:24:07,288,NA,NA,NA,8.769036,NA
2025-03-29T07:24:07,288,NA,NA,NA,NA,0.000382
2025-03-29T07:24:36,289,17.275991,NA,NA,NA,NA
2025-03-29T07:24:36,289,NA,NA,29011.181772,NA,NA
2025-03-29T07:24:36,289,NA,NA,NA,8.824183,NA
2025-03-29T07:24:36,289,NA,NA,NA,NA,0.000379
2025-03-29T07:25:16,290,NA,18.000000,NA,NA,NA
2025-03-29T07:25:45,290,18.314837,NA,NA,NA,NA
2025-03-29T07:25:45,290,NA,NA,28981.413987,NA,NA
2025-03-29T07:25:45,290,NA,NA,NA,8.833247,NA
2025-03-29T07:25:45,290,NA,NA,NA,NA,0.000376
2025-03-29T07:26:14,291,18.049755,NA,NA,NA,NA
2025-03-29T07:26:14,291,NA,NA,29090.433360,NA,NA
2025-03-29T07:26:14,291,NA,NA,NA,8.800144,NA
2025-03-29T07:26:14,291,NA,NA,NA,NA,0.000373
2025-03-29T07:26:42,292,17.352962,NA,NA,NA,NA
2025-03-29T07:26:42,292,NA,NA,29000.876250,NA,NA
2025-03-29T07:26:42,292,NA,NA,NA,8.827319,NA
2025-03-29T07:26:42,292,NA,NA,NA,NA,0.000370
2025-03-29T07:27:10,293,18.395882,NA,NA,NA,NA
2025-03-29T07:27:10,293,NA,NA,29008.856918,NA,NA
2025-03-29T07:27:10,293,NA,NA,NA,8.824891,NA
2025-03-29T07:27:10,293,NA,NA,NA,NA,0.000367
2025-03-29T07:27:39,294,17.998241,NA,NA,NA,NA
2025-03-29T07:27:39,294,NA,NA,29090.417605,NA,NA
2025-03-29T07:27:39,294,NA,NA,NA,8.800149,NA
2025-03-29T07:27:39,294,NA,NA,NA,NA,0.000364
2025-03-29T07:28:08,295,17.753731,NA,NA,NA,NA
2025-03-29T07:28:08,295,NA,NA,29616.658454,NA,NA
2025-03-29T07:28:08,295,NA,NA,NA,8.643785,NA
2025-03-29T07:28:08,295,NA,NA,NA,NA,0.000361
2025-03-29T07:28:38,296,17.865950,NA,NA,NA,NA
2025-03-29T07:28:38,296,NA,NA,30586.498004,NA,NA
2025-03-29T07:28:38,296,NA,NA,NA,8.369706,NA
2025-03-29T07:28:38,296,NA,NA,NA,NA,0.000357
2025-03-29T07:29:06,297,15.977876,NA,NA,NA,NA
2025-03-29T07:29:06,297,NA,NA,29067.212251,NA,NA
2025-03-29T07:29:06,297,NA,NA,NA,8.807174,NA
2025-03-29T07:29:06,297,NA,NA,NA,NA,0.000354
2025-03-29T07:29:35,298,17.933065,NA,NA,NA,NA
2025-03-29T07:29:35,298,NA,NA,29037.073951,NA,NA
2025-03-29T07:29:35,298,NA,NA,NA,8.816316,NA
2025-03-29T07:29:35,298,NA,NA,NA,NA,0.000351
2025-03-29T07:30:04,299,17.823500,NA,NA,NA,NA
2025-03-29T07:30:04,299,NA,NA,29334.041213,NA,NA
2025-03-29T07:30:04,299,NA,NA,NA,8.727062,NA
2025-03-29T07:30:04,299,NA,NA,NA,NA,0.000348
2025-03-29T07:30:45,300,NA,17.799988,NA,NA,NA
2025-03-29T07:39:49,300,18.959520,NA,NA,NA,NA
2025-03-29T07:39:49,300,NA,NA,29067.924133,NA,NA
2025-03-29T07:39:49,300,NA,NA,NA,8.806958,NA
2025-03-29T07:39:49,300,NA,NA,NA,NA,0.000345
2025-03-29T07:40:18,301,18.340534,NA,NA,NA,NA
2025-03-29T07:40:18,301,NA,NA,29052.273882,NA,NA
2025-03-29T07:40:18,301,NA,NA,NA,8.811703,NA
2025-03-29T07:40:18,301,NA,NA,NA,NA,0.000343
2025-03-29T07:40:46,302,18.039871,NA,NA,NA,NA
2025-03-29T07:40:46,302,NA,NA,28944.837539,NA,NA
2025-03-29T07:40:46,302,NA,NA,NA,8.844410,NA
2025-03-29T07:40:46,302,NA,NA,NA,NA,0.000340
2025-03-29T07:41:14,303,18.926718,NA,NA,NA,NA
2025-03-29T07:41:14,303,NA,NA,29078.098130,NA,NA
2025-03-29T07:41:14,303,NA,NA,NA,8.803877,NA
2025-03-29T07:41:14,303,NA,NA,NA,NA,0.000337
2025-03-29T07:41:43,304,19.189390,NA,NA,NA,NA
2025-03-29T07:41:43,304,NA,NA,29241.908174,NA,NA
2025-03-29T07:41:43,304,NA,NA,NA,8.754559,NA
2025-03-29T07:41:43,304,NA,NA,NA,NA,0.000334
2025-03-29T07:42:12,305,18.840179,NA,NA,NA,NA
2025-03-29T07:42:12,305,NA,NA,29108.309880,NA,NA
2025-03-29T07:42:12,305,NA,NA,NA,8.794740,NA
2025-03-29T07:42:12,305,NA,NA,NA,NA,0.000331
2025-03-29T07:42:40,306,17.163586,NA,NA,NA,NA
2025-03-29T07:42:40,306,NA,NA,29044.472693,NA,NA
2025-03-29T07:42:40,306,NA,NA,NA,8.814070,NA
2025-03-29T07:42:40,306,NA,NA,NA,NA,0.000328
2025-03-29T07:43:09,307,18.096903,NA,NA,NA,NA
2025-03-29T07:43:09,307,NA,NA,29032.898487,NA,NA
2025-03-29T07:43:09,307,NA,NA,NA,8.817583,NA
2025-03-29T07:43:09,307,NA,NA,NA,NA,0.000325
2025-03-29T07:43:39,308,17.452223,NA,NA,NA,NA
2025-03-29T07:43:39,308,NA,NA,30958.981924,NA,NA
2025-03-29T07:43:39,308,NA,NA,NA,8.269006,NA
2025-03-29T07:43:39,308,NA,NA,NA,NA,0.000322
2025-03-29T07:44:08,309,18.138159,NA,NA,NA,NA
2025-03-29T07:44:08,309,NA,NA,29086.167463,NA,NA
2025-03-29T07:44:08,309,NA,NA,NA,8.801435,NA
2025-03-29T07:44:08,309,NA,NA,NA,NA,0.000319
2025-03-29T07:44:48,310,NA,17.599991,NA,NA,NA
2025-03-29T07:45:17,310,16.967911,NA,NA,NA,NA
2025-03-29T07:45:17,310,NA,NA,29588.159413,NA,NA
2025-03-29T07:45:17,310,NA,NA,NA,8.652110,NA
2025-03-29T07:45:17,310,NA,NA,NA,NA,0.000316
2025-03-29T07:45:46,311,16.953190,NA,NA,NA,NA
2025-03-29T07:45:46,311,NA,NA,29192.437298,NA,NA
2025-03-29T07:45:46,311,NA,NA,NA,8.769395,NA
2025-03-29T07:45:46,311,NA,NA,NA,NA,0.000313
2025-03-29T07:46:15,312,19.785694,NA,NA,NA,NA
2025-03-29T07:46:15,312,NA,NA,29193.617882,NA,NA
2025-03-29T07:46:15,312,NA,NA,NA,8.769040,NA
2025-03-29T07:46:15,312,NA,NA,NA,NA,0.000310
2025-03-29T07:46:44,313,18.321081,NA,NA,NA,NA
2025-03-29T07:46:44,313,NA,NA,29503.515837,NA,NA
2025-03-29T07:46:44,313,NA,NA,NA,8.676932,NA
2025-03-29T07:46:44,313,NA,NA,NA,NA,0.000307
2025-03-29T07:47:13,314,19.102112,NA,NA,NA,NA
2025-03-29T07:47:13,314,NA,NA,29243.104226,NA,NA
2025-03-29T07:47:13,314,NA,NA,NA,8.754201,NA
2025-03-29T07:47:13,314,NA,NA,NA,NA,0.000304
2025-03-29T07:47:41,315,18.540941,NA,NA,NA,NA
2025-03-29T07:47:41,315,NA,NA,29066.558625,NA,NA
2025-03-29T07:47:41,315,NA,NA,NA,8.807372,NA
2025-03-29T07:47:41,315,NA,NA,NA,NA,0.000301
2025-03-29T07:48:10,316,17.754986,NA,NA,NA,NA
2025-03-29T07:48:10,316,NA,NA,29099.887956,NA,NA
2025-03-29T07:48:10,316,NA,NA,NA,8.797285,NA
2025-03-29T07:48:10,316,NA,NA,NA,NA,0.000299
2025-03-29T07:48:38,317,16.844210,NA,NA,NA,NA
2025-03-29T07:48:38,317,NA,NA,29037.884028,NA,NA
2025-03-29T07:48:38,317,NA,NA,NA,8.816070,NA
2025-03-29T07:48:38,317,NA,NA,NA,NA,0.000296
2025-03-29T07:49:06,318,18.410177,NA,NA,NA,NA
2025-03-29T07:49:06,318,NA,NA,29104.866309,NA,NA
2025-03-29T07:49:06,318,NA,NA,NA,8.795780,NA
2025-03-29T07:49:06,318,NA,NA,NA,NA,0.000293
2025-03-29T07:49:35,319,17.190865,NA,NA,NA,NA
2025-03-29T07:49:35,319,NA,NA,29076.063639,NA,NA
2025-03-29T07:49:35,319,NA,NA,NA,8.804493,NA
2025-03-29T07:49:35,319,NA,NA,NA,NA,0.000290
2025-03-29T07:50:16,320,NA,17.199997,NA,NA,NA
2025-03-29T07:59:21,320,16.951384,NA,NA,NA,NA
2025-03-29T07:59:21,320,NA,NA,29100.475864,NA,NA
2025-03-29T07:59:21,320,NA,NA,NA,8.797107,NA
2025-03-29T07:59:21,320,NA,NA,NA,NA,0.000287
2025-03-29T07:59:49,321,18.554335,NA,NA,NA,NA
2025-03-29T07:59:49,321,NA,NA,29149.770817,NA,NA
2025-03-29T07:59:49,321,NA,NA,NA,8.782230,NA
2025-03-29T07:59:49,321,NA,NA,NA,NA,0.000284
2025-03-29T08:00:20,322,17.524523,NA,NA,NA,NA
2025-03-29T08:00:20,322,NA,NA,31160.786248,NA,NA
2025-03-29T08:00:20,322,NA,NA,NA,8.215454,NA
2025-03-29T08:00:20,322,NA,NA,NA,NA,0.000281
2025-03-29T08:00:49,323,18.097122,NA,NA,NA,NA
2025-03-29T08:00:49,323,NA,NA,29299.162735,NA,NA
2025-03-29T08:00:49,323,NA,NA,NA,8.737451,NA
2025-03-29T08:00:49,323,NA,NA,NA,NA,0.000279
2025-03-29T08:01:17,324,17.684258,NA,NA,NA,NA
2025-03-29T08:01:17,324,NA,NA,29226.973236,NA,NA
2025-03-29T08:01:17,324,NA,NA,NA,8.759032,NA
2025-03-29T08:01:17,324,NA,NA,NA,NA,0.000276
2025-03-29T08:01:46,325,18.373003,NA,NA,NA,NA
2025-03-29T08:01:46,325,NA,NA,29321.095512,NA,NA
2025-03-29T08:01:46,325,NA,NA,NA,8.730915,NA
2025-03-29T08:01:46,325,NA,NA,NA,NA,0.000273
2025-03-29T08:02:15,326,18.834440,NA,NA,NA,NA
2025-03-29T08:02:15,326,NA,NA,29294.091427,NA,NA
2025-03-29T08:02:15,326,NA,NA,NA,8.738964,NA
2025-03-29T08:02:15,326,NA,NA,NA,NA,0.000270
2025-03-29T08:02:43,327,17.712831,NA,NA,NA,NA
2025-03-29T08:02:43,327,NA,NA,29076.286438,NA,NA
2025-03-29T08:02:43,327,NA,NA,NA,8.804425,NA
2025-03-29T08:02:43,327,NA,NA,NA,NA,0.000267
2025-03-29T08:03:12,328,18.240477,NA,NA,NA,NA
2025-03-29T08:03:12,328,NA,NA,29070.283562,NA,NA
2025-03-29T08:03:12,328,NA,NA,NA,8.806244,NA
2025-03-29T08:03:12,328,NA,NA,NA,NA,0.000265
2025-03-29T08:03:41,329,18.828442,NA,NA,NA,NA
2025-03-29T08:03:41,329,NA,NA,29024.543121,NA,NA
2025-03-29T08:03:41,329,NA,NA,NA,8.820122,NA
2025-03-29T08:03:41,329,NA,NA,NA,NA,0.000262
2025-03-29T08:04:22,330,NA,17.399994,NA,NA,NA
2025-03-29T08:04:53,330,18.046930,NA,NA,NA,NA
2025-03-29T08:04:53,330,NA,NA,31131.841850,NA,NA
2025-03-29T08:04:53,330,NA,NA,NA,8.223092,NA
2025-03-29T08:04:53,330,NA,NA,NA,NA,0.000259
2025-03-29T08:05:23,331,18.372305,NA,NA,NA,NA
2025-03-29T08:05:23,331,NA,NA,31335.550890,NA,NA
2025-03-29T08:05:23,331,NA,NA,NA,8.169635,NA
2025-03-29T08:05:23,331,NA,NA,NA,NA,0.000256
2025-03-29T08:05:52,332,18.960653,NA,NA,NA,NA
2025-03-29T08:05:52,332,NA,NA,29410.896056,NA,NA
2025-03-29T08:05:52,332,NA,NA,NA,8.704257,NA
2025-03-29T08:05:52,332,NA,NA,NA,NA,0.000254
2025-03-29T08:06:22,333,19.274408,NA,NA,NA,NA
2025-03-29T08:06:22,333,NA,NA,29276.453800,NA,NA
2025-03-29T08:06:22,333,NA,NA,NA,8.744228,NA
2025-03-29T08:06:22,333,NA,NA,NA,NA,0.000251
2025-03-29T08:06:50,334,19.390362,NA,NA,NA,NA
2025-03-29T08:06:50,334,NA,NA,29200.292026,NA,NA
2025-03-29T08:06:50,334,NA,NA,NA,8.767035,NA
2025-03-29T08:06:50,334,NA,NA,NA,NA,0.000248
2025-03-29T08:07:19,335,17.588583,NA,NA,NA,NA
2025-03-29T08:07:19,335,NA,NA,29266.237158,NA,NA
2025-03-29T08:07:19,335,NA,NA,NA,8.747281,NA
2025-03-29T08:07:19,335,NA,NA,NA,NA,0.000245
2025-03-29T08:07:47,336,18.370699,NA,NA,NA,NA
2025-03-29T08:07:47,336,NA,NA,29224.477826,NA,NA
2025-03-29T08:07:47,336,NA,NA,NA,8.759780,NA
2025-03-29T08:07:47,336,NA,NA,NA,NA,0.000243
2025-03-29T08:08:16,337,17.832422,NA,NA,NA,NA
2025-03-29T08:08:16,337,NA,NA,29319.287052,NA,NA
2025-03-29T08:08:16,337,NA,NA,NA,8.731454,NA
2025-03-29T08:08:16,337,NA,NA,NA,NA,0.000240
2025-03-29T08:08:44,338,18.428679,NA,NA,NA,NA
2025-03-29T08:08:44,338,NA,NA,29028.875608,NA,NA
2025-03-29T08:08:44,338,NA,NA,NA,8.818806,NA
2025-03-29T08:08:44,338,NA,NA,NA,NA,0.000237
2025-03-29T08:09:13,339,18.114914,NA,NA,NA,NA
2025-03-29T08:09:13,339,NA,NA,29090.876163,NA,NA
2025-03-29T08:09:13,339,NA,NA,NA,8.800010,NA
2025-03-29T08:09:13,339,NA,NA,NA,NA,0.000235
2025-03-29T08:09:54,340,NA,17.000000,NA,NA,NA
2025-03-29T08:18:58,340,18.297476,NA,NA,NA,NA
2025-03-29T08:18:58,340,NA,NA,29120.805902,NA,NA
2025-03-29T08:18:58,340,NA,NA,NA,8.790965,NA
2025-03-29T08:18:58,340,NA,NA,NA,NA,0.000232
2025-03-29T08:19:27,341,18.546947,NA,NA,NA,NA
2025-03-29T08:19:27,341,NA,NA,29455.612763,NA,NA
2025-03-29T08:19:27,341,NA,NA,NA,8.691043,NA
2025-03-29T08:19:27,341,NA,NA,NA,NA,0.000229
2025-03-29T08:19:56,342,17.031950,NA,NA,NA,NA
2025-03-29T08:19:56,342,NA,NA,29384.452015,NA,NA
2025-03-29T08:19:56,342,NA,NA,NA,8.712090,NA
2025-03-29T08:19:56,342,NA,NA,NA,NA,0.000227
2025-03-29T08:20:25,343,17.748360,NA,NA,NA,NA
2025-03-29T08:20:25,343,NA,NA,29337.053315,NA,NA
2025-03-29T08:20:25,343,NA,NA,NA,8.726166,NA
2025-03-29T08:20:25,343,NA,NA,NA,NA,0.000224
2025-03-29T08:20:53,344,17.217981,NA,NA,NA,NA
2025-03-29T08:20:53,344,NA,NA,29277.282812,NA,NA
2025-03-29T08:20:53,344,NA,NA,NA,8.743980,NA
2025-03-29T08:20:53,344,NA,NA,NA,NA,0.000222
2025-03-29T08:21:22,345,16.931324,NA,NA,NA,NA
2025-03-29T08:21:22,345,NA,NA,29298.451848,NA,NA
2025-03-29T08:21:22,345,NA,NA,NA,8.737663,NA
2025-03-29T08:21:22,345,NA,NA,NA,NA,0.000219
2025-03-29T08:21:51,346,17.424061,NA,NA,NA,NA
2025-03-29T08:21:51,346,NA,NA,29397.488647,NA,NA
2025-03-29T08:21:51,346,NA,NA,NA,8.708227,NA
2025-03-29T08:21:51,346,NA,NA,NA,NA,0.000216
2025-03-29T08:22:19,347,18.515238,NA,NA,NA,NA
2025-03-29T08:22:19,347,NA,NA,29257.431224,NA,NA
2025-03-29T08:22:19,347,NA,NA,NA,8.749914,NA
2025-03-29T08:22:19,347,NA,NA,NA,NA,0.000214
2025-03-29T08:22:48,348,17.944252,NA,NA,NA,NA
2025-03-29T08:22:48,348,NA,NA,29197.031400,NA,NA
2025-03-29T08:22:48,348,NA,NA,NA,8.768015,NA
2025-03-29T08:22:48,348,NA,NA,NA,NA,0.000211
2025-03-29T08:23:17,349,17.357586,NA,NA,NA,NA
2025-03-29T08:23:17,349,NA,NA,29197.579452,NA,NA
2025-03-29T08:23:17,349,NA,NA,NA,8.767850,NA
2025-03-29T08:23:17,349,NA,NA,NA,NA,0.000209
2025-03-29T08:23:58,350,NA,17.399994,NA,NA,NA
2025-03-29T08:24:26,350,17.886852,NA,NA,NA,NA
2025-03-29T08:24:26,350,NA,NA,29139.788992,NA,NA
2025-03-29T08:24:26,350,NA,NA,NA,8.785238,NA
2025-03-29T08:24:26,350,NA,NA,NA,NA,0.000206
2025-03-29T08:24:55,351,18.573385,NA,NA,NA,NA
2025-03-29T08:24:55,351,NA,NA,29154.370729,NA,NA
2025-03-29T08:24:55,351,NA,NA,NA,8.780845,NA
2025-03-29T08:24:55,351,NA,NA,NA,NA,0.000204
2025-03-29T08:25:23,352,18.050560,NA,NA,NA,NA
2025-03-29T08:25:23,352,NA,NA,29174.282811,NA,NA
2025-03-29T08:25:23,352,NA,NA,NA,8.774852,NA
2025-03-29T08:25:23,352,NA,NA,NA,NA,0.000201
2025-03-29T08:25:52,353,17.492403,NA,NA,NA,NA
2025-03-29T08:25:52,353,NA,NA,29046.661027,NA,NA
2025-03-29T08:25:52,353,NA,NA,NA,8.813405,NA
2025-03-29T08:25:52,353,NA,NA,NA,NA,0.000199
2025-03-29T08:26:21,354,18.532146,NA,NA,NA,NA
2025-03-29T08:26:21,354,NA,NA,29120.610346,NA,NA
2025-03-29T08:26:21,354,NA,NA,NA,8.791024,NA
2025-03-29T08:26:21,354,NA,NA,NA,NA,0.000196
2025-03-29T08:26:49,355,17.093578,NA,NA,NA,NA
2025-03-29T08:26:49,355,NA,NA,29143.695996,NA,NA
2025-03-29T08:26:49,355,NA,NA,NA,8.784060,NA
2025-03-29T08:26:49,355,NA,NA,NA,NA,0.000194
2025-03-29T08:27:18,356,18.081310,NA,NA,NA,NA
2025-03-29T08:27:18,356,NA,NA,29197.013065,NA,NA
2025-03-29T08:27:18,356,NA,NA,NA,8.768021,NA
2025-03-29T08:27:18,356,NA,NA,NA,NA,0.000191
2025-03-29T08:27:46,357,18.923822,NA,NA,NA,NA
2025-03-29T08:27:46,357,NA,NA,29263.801469,NA,NA
2025-03-29T08:27:46,357,NA,NA,NA,8.748009,NA
2025-03-29T08:27:46,357,NA,NA,NA,NA,0.000189
2025-03-29T08:28:15,358,17.446955,NA,NA,NA,NA
2025-03-29T08:28:15,358,NA,NA,29069.290603,NA,NA
2025-03-29T08:28:15,358,NA,NA,NA,8.806544,NA
2025-03-29T08:28:15,358,NA,NA,NA,NA,0.000186
2025-03-29T08:28:43,359,19.409153,NA,NA,NA,NA
2025-03-29T08:28:43,359,NA,NA,29123.520805,NA,NA
2025-03-29T08:28:43,359,NA,NA,NA,8.790146,NA
2025-03-29T08:28:43,359,NA,NA,NA,NA,0.000184
2025-03-29T08:29:25,360,NA,17.799988,NA,NA,NA
2025-03-29T08:38:30,360,17.827171,NA,NA,NA,NA
2025-03-29T08:38:30,360,NA,NA,29088.805610,NA,NA
2025-03-29T08:38:30,360,NA,NA,NA,8.800636,NA
2025-03-29T08:38:30,360,NA,NA,NA,NA,0.000181
2025-03-29T08:38:59,361,18.136477,NA,NA,NA,NA
2025-03-29T08:38:59,361,NA,NA,29184.936132,NA,NA
2025-03-29T08:38:59,361,NA,NA,NA,8.771648,NA
2025-03-29T08:38:59,361,NA,NA,NA,NA,0.000179
2025-03-29T08:39:27,362,17.529335,NA,NA,NA,NA
2025-03-29T08:39:27,362,NA,NA,29103.548169,NA,NA
2025-03-29T08:39:27,362,NA,NA,NA,8.796178,NA
2025-03-29T08:39:27,362,NA,NA,NA,NA,0.000176
2025-03-29T08:39:56,363,19.318962,NA,NA,NA,NA
2025-03-29T08:39:56,363,NA,NA,29158.902576,NA,NA
2025-03-29T08:39:56,363,NA,NA,NA,8.779480,NA
2025-03-29T08:39:56,363,NA,NA,NA,NA,0.000174
2025-03-29T08:40:24,364,17.647842,NA,NA,NA,NA
2025-03-29T08:40:24,364,NA,NA,29115.912999,NA,NA
2025-03-29T08:40:24,364,NA,NA,NA,8.792443,NA
2025-03-29T08:40:24,364,NA,NA,NA,NA,0.000172
2025-03-29T08:40:53,365,19.343723,NA,NA,NA,NA
2025-03-29T08:40:53,365,NA,NA,29192.858971,NA,NA
2025-03-29T08:40:53,365,NA,NA,NA,8.769268,NA
2025-03-29T08:40:53,365,NA,NA,NA,NA,0.000169
2025-03-29T08:41:21,366,17.309954,NA,NA,NA,NA
2025-03-29T08:41:21,366,NA,NA,29124.518597,NA,NA
2025-03-29T08:41:21,366,NA,NA,NA,8.789845,NA
2025-03-29T08:41:21,366,NA,NA,NA,NA,0.000167
2025-03-29T08:41:50,367,17.227940,NA,NA,NA,NA
2025-03-29T08:41:50,367,NA,NA,29066.866874,NA,NA
2025-03-29T08:41:50,367,NA,NA,NA,8.807279,NA
2025-03-29T08:41:50,367,NA,NA,NA,NA,0.000165
2025-03-29T08:42:18,368,18.841600,NA,NA,NA,NA
2025-03-29T08:42:18,368,NA,NA,29164.355190,NA,NA
2025-03-29T08:42:18,368,NA,NA,NA,8.777839,NA
2025-03-29T08:42:18,368,NA,NA,NA,NA,0.000162
2025-03-29T08:42:47,369,17.546747,NA,NA,NA,NA
2025-03-29T08:42:47,369,NA,NA,29118.950403,NA,NA
2025-03-29T08:42:47,369,NA,NA,NA,8.791526,NA
2025-03-29T08:42:47,369,NA,NA,NA,NA,0.000160
2025-03-29T08:43:28,370,NA,17.599991,NA,NA,NA
2025-03-29T08:43:56,370,18.259432,NA,NA,NA,NA
2025-03-29T08:43:56,370,NA,NA,29053.229612,NA,NA
2025-03-29T08:43:56,370,NA,NA,NA,8.811413,NA
2025-03-29T08:43:56,370,NA,NA,NA,NA,0.000158
2025-03-29T08:44:27,371,16.842953,NA,NA,NA,NA
2025-03-29T08:44:27,371,NA,NA,31162.869579,NA,NA
2025-03-29T08:44:27,371,NA,NA,NA,8.214905,NA
2025-03-29T08:44:27,371,NA,NA,NA,NA,0.000155
2025-03-29T08:44:55,372,17.655449,NA,NA,NA,NA
2025-03-29T08:44:55,372,NA,NA,29271.406974,NA,NA
2025-03-29T08:44:55,372,NA,NA,NA,8.745736,NA
2025-03-29T08:44:55,372,NA,NA,NA,NA,0.000153
2025-03-29T08:45:24,373,18.669674,NA,NA,NA,NA
2025-03-29T08:45:24,373,NA,NA,29749.755339,NA,NA
2025-03-29T08:45:24,373,NA,NA,NA,8.605113,NA
2025-03-29T08:45:24,373,NA,NA,NA,NA,0.000151
2025-03-29T08:45:54,374,17.652571,NA,NA,NA,NA
2025-03-29T08:45:54,374,NA,NA,29521.818899,NA,NA
2025-03-29T08:45:54,374,NA,NA,NA,8.671553,NA
2025-03-29T08:45:54,374,NA,NA,NA,NA,0.000149
2025-03-29T08:46:22,375,19.225939,NA,NA,NA,NA
2025-03-29T08:46:22,375,NA,NA,29350.654583,NA,NA
2025-03-29T08:46:22,375,NA,NA,NA,8.722122,NA
2025-03-29T08:46:22,375,NA,NA,NA,NA,0.000146
2025-03-29T08:46:51,376,18.308826,NA,NA,NA,NA
2025-03-29T08:46:51,376,NA,NA,29189.578409,NA,NA
2025-03-29T08:46:51,376,NA,NA,NA,8.770253,NA
2025-03-29T08:46:51,376,NA,NA,NA,NA,0.000144
2025-03-29T08:47:20,377,17.606657,NA,NA,NA,NA
2025-03-29T08:47:20,377,NA,NA,29243.621288,NA,NA
2025-03-29T08:47:20,377,NA,NA,NA,8.754045,NA
2025-03-29T08:47:20,377,NA,NA,NA,NA,0.000142
2025-03-29T08:47:50,378,18.793777,NA,NA,NA,NA
2025-03-29T08:47:50,378,NA,NA,31070.470179,NA,NA
2025-03-29T08:47:50,378,NA,NA,NA,8.239335,NA
2025-03-29T08:47:50,378,NA,NA,NA,NA,0.000140
2025-03-29T08:48:22,379,20.007034,NA,NA,NA,NA
2025-03-29T08:48:22,379,NA,NA,32166.821353,NA,NA
2025-03-29T08:48:22,379,NA,NA,NA,7.958511,NA
2025-03-29T08:48:22,379,NA,NA,NA,NA,0.000138
2025-03-29T08:49:05,380,NA,17.199997,NA,NA,NA
2025-03-29T08:58:12,380,18.035564,NA,NA,NA,NA
2025-03-29T08:58:12,380,NA,NA,29283.394123,NA,NA
2025-03-29T08:58:12,380,NA,NA,NA,8.742156,NA
2025-03-29T08:58:12,380,NA,NA,NA,NA,0.000136
2025-03-29T08:58:41,381,18.651562,NA,NA,NA,NA
2025-03-29T08:58:41,381,NA,NA,29223.422631,NA,NA
2025-03-29T08:58:41,381,NA,NA,NA,8.760097,NA
2025-03-29T08:58:41,381,NA,NA,NA,NA,0.000133
2025-03-29T08:59:09,382,17.470312,NA,NA,NA,NA
2025-03-29T08:59:09,382,NA,NA,29261.925912,NA,NA
2025-03-29T08:59:09,382,NA,NA,NA,8.748569,NA
2025-03-29T08:59:09,382,NA,NA,NA,NA,0.000131
2025-03-29T08:59:39,383,17.531778,NA,NA,NA,NA
2025-03-29T08:59:39,383,NA,NA,29955.967491,NA,NA
2025-03-29T08:59:39,383,NA,NA,NA,8.545877,NA
2025-03-29T08:59:39,383,NA,NA,NA,NA,0.000129
2025-03-29T09:00:08,384,18.423773,NA,NA,NA,NA
2025-03-29T09:00:08,384,NA,NA,29769.675670,NA,NA
2025-03-29T09:00:08,384,NA,NA,NA,8.599355,NA
2025-03-29T09:00:08,384,NA,NA,NA,NA,0.000127
2025-03-29T09:00:37,385,19.380133,NA,NA,NA,NA
2025-03-29T09:00:37,385,NA,NA,29608.668740,NA,NA
2025-03-29T09:00:37,385,NA,NA,NA,8.646116,NA
2025-03-29T09:00:37,385,NA,NA,NA,NA,0.000125
2025-03-29T09:01:06,386,17.724068,NA,NA,NA,NA
2025-03-29T09:01:06,386,NA,NA,29347.982556,NA,NA
2025-03-29T09:01:06,386,NA,NA,NA,8.722917,NA
2025-03-29T09:01:06,386,NA,NA,NA,NA,0.000123
2025-03-29T09:01:35,387,19.303413,NA,NA,NA,NA
2025-03-29T09:01:35,387,NA,NA,29233.066443,NA,NA
2025-03-29T09:01:35,387,NA,NA,NA,8.757207,NA
2025-03-29T09:01:35,387,NA,NA,NA,NA,0.000121
2025-03-29T09:02:03,388,18.588688,NA,NA,NA,NA
2025-03-29T09:02:03,388,NA,NA,29318.040512,NA,NA
2025-03-29T09:02:03,388,NA,NA,NA,8.731825,NA
2025-03-29T09:02:03,388,NA,NA,NA,NA,0.000119
2025-03-29T09:02:32,389,17.413383,NA,NA,NA,NA
2025-03-29T09:02:32,389,NA,NA,29220.248889,NA,NA
2025-03-29T09:02:32,389,NA,NA,NA,8.761048,NA
2025-03-29T09:02:32,389,NA,NA,NA,NA,0.000117
2025-03-29T09:03:13,390,NA,18.000000,NA,NA,NA
2025-03-29T09:03:42,390,19.989073,NA,NA,NA,NA
2025-03-29T09:03:42,390,NA,NA,29427.747680,NA,NA
2025-03-29T09:03:42,390,NA,NA,NA,8.699272,NA
2025-03-29T09:03:42,390,NA,NA,NA,NA,0.000115
2025-03-29T09:04:11,391,17.985880,NA,NA,NA,NA
2025-03-29T09:04:11,391,NA,NA,29550.326059,NA,NA
2025-03-29T09:04:11,391,NA,NA,NA,8.663187,NA
2025-03-29T09:04:11,391,NA,NA,NA,NA,0.000113
2025-03-29T09:04:39,392,18.221924,NA,NA,NA,NA
2025-03-29T09:04:39,392,NA,NA,29336.434915,NA,NA
2025-03-29T09:04:39,392,NA,NA,NA,8.726350,NA
2025-03-29T09:04:39,392,NA,NA,NA,NA,0.000111
2025-03-29T09:05:08,393,16.738420,NA,NA,NA,NA
2025-03-29T09:05:08,393,NA,NA,29397.272398,NA,NA
2025-03-29T09:05:08,393,NA,NA,NA,8.708291,NA
2025-03-29T09:05:08,393,NA,NA,NA,NA,0.000109
2025-03-29T09:05:37,394,17.002522,NA,NA,NA,NA
2025-03-29T09:05:37,394,NA,NA,29311.527958,NA,NA
2025-03-29T09:05:37,394,NA,NA,NA,8.733765,NA
2025-03-29T09:05:37,394,NA,NA,NA,NA,0.000107
2025-03-29T09:06:05,395,18.505615,NA,NA,NA,NA
2025-03-29T09:06:05,395,NA,NA,29251.454717,NA,NA
2025-03-29T09:06:05,395,NA,NA,NA,8.751701,NA
2025-03-29T09:06:05,395,NA,NA,NA,NA,0.000105
2025-03-29T09:06:34,396,15.758840,NA,NA,NA,NA
2025-03-29T09:06:34,396,NA,NA,29476.920419,NA,NA
2025-03-29T09:06:34,396,NA,NA,NA,8.684761,NA
2025-03-29T09:06:34,396,NA,NA,NA,NA,0.000103
2025-03-29T09:07:03,397,18.450718,NA,NA,NA,NA
2025-03-29T09:07:03,397,NA,NA,29443.390586,NA,NA
2025-03-29T09:07:03,397,NA,NA,NA,8.694651,NA
2025-03-29T09:07:03,397,NA,NA,NA,NA,0.000101
2025-03-29T09:07:31,398,18.206821,NA,NA,NA,NA
2025-03-29T09:07:31,398,NA,NA,29192.878454,NA,NA
2025-03-29T09:07:31,398,NA,NA,NA,8.769262,NA
2025-03-29T09:07:31,398,NA,NA,NA,NA,0.000099
2025-03-29T09:08:01,399,18.908066,NA,NA,NA,NA
2025-03-29T09:08:01,399,NA,NA,29255.079781,NA,NA
2025-03-29T09:08:01,399,NA,NA,NA,8.750617,NA
2025-03-29T09:08:01,399,NA,NA,NA,NA,0.000097
2025-03-29T09:08:41,400,NA,18.199997,NA,NA,NA
2025-03-29T09:17:47,400,18.069756,NA,NA,NA,NA
2025-03-29T09:17:47,400,NA,NA,29262.199026,NA,NA
2025-03-29T09:17:47,400,NA,NA,NA,8.748488,NA
2025-03-29T09:17:47,400,NA,NA,NA,NA,0.000095
2025-03-29T09:18:16,401,16.881958,NA,NA,NA,NA
2025-03-29T09:18:16,401,NA,NA,29342.869716,NA,NA
2025-03-29T09:18:16,401,NA,NA,NA,8.724437,NA
2025-03-29T09:18:16,401,NA,NA,NA,NA,0.000094
2025-03-29T09:18:45,402,17.322104,NA,NA,NA,NA
2025-03-29T09:18:45,402,NA,NA,29508.250377,NA,NA
2025-03-29T09:18:45,402,NA,NA,NA,8.675540,NA
2025-03-29T09:18:45,402,NA,NA,NA,NA,0.000092
2025-03-29T09:19:14,403,17.148741,NA,NA,NA,NA
2025-03-29T09:19:14,403,NA,NA,29398.107811,NA,NA
2025-03-29T09:19:14,403,NA,NA,NA,8.708043,NA
2025-03-29T09:19:14,403,NA,NA,NA,NA,0.000090
2025-03-29T09:19:42,404,16.864094,NA,NA,NA,NA
2025-03-29T09:19:42,404,NA,NA,29355.897476,NA,NA
2025-03-29T09:19:42,404,NA,NA,NA,8.720565,NA
2025-03-29T09:19:42,404,NA,NA,NA,NA,0.000088
2025-03-29T09:20:11,405,18.158760,NA,NA,NA,NA
2025-03-29T09:20:11,405,NA,NA,29381.801385,NA,NA
2025-03-29T09:20:11,405,NA,NA,NA,8.712876,NA
2025-03-29T09:20:11,405,NA,NA,NA,NA,0.000086
2025-03-29T09:20:40,406,17.020500,NA,NA,NA,NA
2025-03-29T09:20:40,406,NA,NA,29447.626391,NA,NA
2025-03-29T09:20:40,406,NA,NA,NA,8.693400,NA
2025-03-29T09:20:40,406,NA,NA,NA,NA,0.000085
2025-03-29T09:21:09,407,18.874374,NA,NA,NA,NA
2025-03-29T09:21:09,407,NA,NA,29338.165435,NA,NA
2025-03-29T09:21:09,407,NA,NA,NA,8.725835,NA
2025-03-29T09:21:09,407,NA,NA,NA,NA,0.000083
2025-03-29T09:21:38,408,18.194012,NA,NA,NA,NA
2025-03-29T09:21:38,408,NA,NA,29273.467468,NA,NA
2025-03-29T09:21:38,408,NA,NA,NA,8.745120,NA
2025-03-29T09:21:38,408,NA,NA,NA,NA,0.000081
2025-03-29T09:22:07,409,17.695263,NA,NA,NA,NA
2025-03-29T09:22:07,409,NA,NA,29334.395267,NA,NA
2025-03-29T09:22:07,409,NA,NA,NA,8.726956,NA
2025-03-29T09:22:07,409,NA,NA,NA,NA,0.000080
2025-03-29T09:22:47,410,NA,17.199997,NA,NA,NA
2025-03-29T09:23:16,410,17.321806,NA,NA,NA,NA
2025-03-29T09:23:16,410,NA,NA,29269.843180,NA,NA
2025-03-29T09:23:16,410,NA,NA,NA,8.746203,NA
2025-03-29T09:23:16,410,NA,NA,NA,NA,0.000078
2025-03-29T09:23:45,411,17.363977,NA,NA,NA,NA
2025-03-29T09:23:45,411,NA,NA,29187.407329,NA,NA
2025-03-29T09:23:45,411,NA,NA,NA,8.770905,NA
2025-03-29T09:23:45,411,NA,NA,NA,NA,0.000076
2025-03-29T09:24:16,412,18.853287,NA,NA,NA,NA
2025-03-29T09:24:16,412,NA,NA,31884.900992,NA,NA
2025-03-29T09:24:16,412,NA,NA,NA,8.028878,NA
2025-03-29T09:24:16,412,NA,NA,NA,NA,0.000075
2025-03-29T09:24:48,413,17.521812,NA,NA,NA,NA
2025-03-29T09:24:48,413,NA,NA,33063.674369,NA,NA
2025-03-29T09:24:48,413,NA,NA,NA,7.742636,NA
2025-03-29T09:24:48,413,NA,NA,NA,NA,0.000073
2025-03-29T09:25:17,414,17.685555,NA,NA,NA,NA
2025-03-29T09:25:17,414,NA,NA,29229.457764,NA,NA
2025-03-29T09:25:17,414,NA,NA,NA,8.758287,NA
2025-03-29T09:25:17,414,NA,NA,NA,NA,0.000071
2025-03-29T09:25:46,415,18.435734,NA,NA,NA,NA
2025-03-29T09:25:46,415,NA,NA,29513.468818,NA,NA
2025-03-29T09:25:46,415,NA,NA,NA,8.674006,NA
2025-03-29T09:25:46,415,NA,NA,NA,NA,0.000070
2025-03-29T09:26:21,416,18.973528,NA,NA,NA,NA
2025-03-29T09:26:21,416,NA,NA,36228.598251,NA,NA
2025-03-29T09:26:21,416,NA,NA,NA,7.066241,NA
2025-03-29T09:26:21,416,NA,NA,NA,NA,0.000068
2025-03-29T09:26:51,417,17.593189,NA,NA,NA,NA
2025-03-29T09:26:51,417,NA,NA,30641.551653,NA,NA
2025-03-29T09:26:51,417,NA,NA,NA,8.354669,NA
2025-03-29T09:26:51,417,NA,NA,NA,NA,0.000066
2025-03-29T09:27:21,418,17.052349,NA,NA,NA,NA
2025-03-29T09:27:21,418,NA,NA,30602.599015,NA,NA
2025-03-29T09:27:21,418,NA,NA,NA,8.365303,NA
2025-03-29T09:27:21,418,NA,NA,NA,NA,0.000065
2025-03-29T09:27:52,419,18.456398,NA,NA,NA,NA
2025-03-29T09:27:52,419,NA,NA,30894.986906,NA,NA
2025-03-29T09:27:52,419,NA,NA,NA,8.286134,NA
2025-03-29T09:27:52,419,NA,NA,NA,NA,0.000063
2025-03-29T09:28:34,420,NA,17.199997,NA,NA,NA
2025-03-29T09:38:05,420,17.957899,NA,NA,NA,NA
2025-03-29T09:38:05,420,NA,NA,32857.523437,NA,NA
2025-03-29T09:38:05,420,NA,NA,NA,7.791214,NA
2025-03-29T09:38:05,420,NA,NA,NA,NA,0.000062
2025-03-29T09:38:35,421,17.190645,NA,NA,NA,NA
2025-03-29T09:38:35,421,NA,NA,30201.135634,NA,NA
2025-03-29T09:38:35,421,NA,NA,NA,8.476502,NA
2025-03-29T09:38:35,421,NA,NA,NA,NA,0.000060
2025-03-29T09:39:05,422,18.069799,NA,NA,NA,NA
2025-03-29T09:39:05,422,NA,NA,30247.605900,NA,NA
2025-03-29T09:39:05,422,NA,NA,NA,8.463480,NA
2025-03-29T09:39:05,422,NA,NA,NA,NA,0.000059
2025-03-29T09:39:35,423,18.458635,NA,NA,NA,NA
2025-03-29T09:39:35,423,NA,NA,30207.856746,NA,NA
2025-03-29T09:39:35,423,NA,NA,NA,8.474616,NA
2025-03-29T09:39:35,423,NA,NA,NA,NA,0.000057
2025-03-29T09:40:04,424,17.295616,NA,NA,NA,NA
2025-03-29T09:40:04,424,NA,NA,30378.234250,NA,NA
2025-03-29T09:40:04,424,NA,NA,NA,8.427086,NA
2025-03-29T09:40:04,424,NA,NA,NA,NA,0.000056
2025-03-29T09:40:34,425,18.148073,NA,NA,NA,NA
2025-03-29T09:40:34,425,NA,NA,30197.979601,NA,NA
2025-03-29T09:40:34,425,NA,NA,NA,8.477388,NA
2025-03-29T09:40:34,425,NA,NA,NA,NA,0.000054
2025-03-29T09:41:03,426,18.670000,NA,NA,NA,NA
2025-03-29T09:41:03,426,NA,NA,30311.740397,NA,NA
2025-03-29T09:41:03,426,NA,NA,NA,8.445573,NA
2025-03-29T09:41:03,426,NA,NA,NA,NA,0.000053
2025-03-29T09:41:33,427,18.276518,NA,NA,NA,NA
2025-03-29T09:41:33,427,NA,NA,30163.544402,NA,NA
2025-03-29T09:41:33,427,NA,NA,NA,8.487066,NA
2025-03-29T09:41:33,427,NA,NA,NA,NA,0.000052
2025-03-29T09:42:05,428,17.796186,NA,NA,NA,NA
2025-03-29T09:42:05,428,NA,NA,32506.643300,NA,NA
2025-03-29T09:42:05,428,NA,NA,NA,7.875313,NA
2025-03-29T09:42:05,428,NA,NA,NA,NA,0.000050
2025-03-29T09:42:34,429,18.097080,NA,NA,NA,NA
2025-03-29T09:42:34,429,NA,NA,30226.937799,NA,NA
2025-03-29T09:42:34,429,NA,NA,NA,8.469267,NA
2025-03-29T09:42:34,429,NA,NA,NA,NA,0.000049
2025-03-29T09:43:17,430,NA,17.599991,NA,NA,NA
2025-03-29T09:43:46,430,18.490885,NA,NA,NA,NA
2025-03-29T09:43:46,430,NA,NA,30237.724481,NA,NA
2025-03-29T09:43:46,430,NA,NA,NA,8.466246,NA
2025-03-29T09:43:46,430,NA,NA,NA,NA,0.000048
2025-03-29T09:44:16,431,16.630371,NA,NA,NA,NA
2025-03-29T09:44:16,431,NA,NA,30233.503064,NA,NA
2025-03-29T09:44:16,431,NA,NA,NA,8.467427,NA
2025-03-29T09:44:16,431,NA,NA,NA,NA,0.000046
2025-03-29T09:44:46,432,18.992834,NA,NA,NA,NA
2025-03-29T09:44:46,432,NA,NA,30973.123332,NA,NA
2025-03-29T09:44:46,432,NA,NA,NA,8.265230,NA
2025-03-29T09:44:46,432,NA,NA,NA,NA,0.000045
2025-03-29T09:45:16,433,17.716999,NA,NA,NA,NA
2025-03-29T09:45:16,433,NA,NA,30946.759070,NA,NA
2025-03-29T09:45:16,433,NA,NA,NA,8.272272,NA
2025-03-29T09:45:16,433,NA,NA,NA,NA,0.000044
2025-03-29T09:45:46,434,18.023684,NA,NA,NA,NA
2025-03-29T09:45:46,434,NA,NA,30408.418891,NA,NA
2025-03-29T09:45:46,434,NA,NA,NA,8.418721,NA
2025-03-29T09:45:46,434,NA,NA,NA,NA,0.000042
2025-03-29T09:46:16,435,16.921415,NA,NA,NA,NA
2025-03-29T09:46:16,435,NA,NA,30243.964155,NA,NA
2025-03-29T09:46:16,435,NA,NA,NA,8.464499,NA
2025-03-29T09:46:16,435,NA,NA,NA,NA,0.000041
2025-03-29T09:46:46,436,19.064457,NA,NA,NA,NA
2025-03-29T09:46:46,436,NA,NA,30695.453189,NA,NA
2025-03-29T09:46:46,436,NA,NA,NA,8.339997,NA
2025-03-29T09:46:46,436,NA,NA,NA,NA,0.000040
2025-03-29T09:47:17,437,17.857704,NA,NA,NA,NA
2025-03-29T09:47:17,437,NA,NA,32300.182185,NA,NA
2025-03-29T09:47:17,437,NA,NA,NA,7.925652,NA
2025-03-29T09:47:17,437,NA,NA,NA,NA,0.000039
2025-03-29T09:47:49,438,18.551949,NA,NA,NA,NA
2025-03-29T09:47:49,438,NA,NA,31906.239864,NA,NA
2025-03-29T09:47:49,438,NA,NA,NA,8.023509,NA
2025-03-29T09:47:49,438,NA,NA,NA,NA,0.000037
2025-03-29T09:48:19,439,17.386450,NA,NA,NA,NA
2025-03-29T09:48:19,439,NA,NA,30801.641004,NA,NA
2025-03-29T09:48:19,439,NA,NA,NA,8.311246,NA
2025-03-29T09:48:19,439,NA,NA,NA,NA,0.000036
2025-03-29T09:49:02,440,NA,17.199997,NA,NA,NA
2025-03-29T09:58:11,440,19.398247,NA,NA,NA,NA
2025-03-29T09:58:11,440,NA,NA,29352.302341,NA,NA
2025-03-29T09:58:11,440,NA,NA,NA,8.721633,NA
2025-03-29T09:58:11,440,NA,NA,NA,NA,0.000035
2025-03-29T09:58:40,441,16.575085,NA,NA,NA,NA
2025-03-29T09:58:40,441,NA,NA,29498.387739,NA,NA
2025-03-29T09:58:40,441,NA,NA,NA,8.678440,NA
2025-03-29T09:58:40,441,NA,NA,NA,NA,0.000034
2025-03-29T09:59:09,442,16.785437,NA,NA,NA,NA
2025-03-29T09:59:09,442,NA,NA,29759.073802,NA,NA
2025-03-29T09:59:09,442,NA,NA,NA,8.602418,NA
2025-03-29T09:59:09,442,NA,NA,NA,NA,0.000033
2025-03-29T09:59:38,443,16.701090,NA,NA,NA,NA
2025-03-29T09:59:38,443,NA,NA,29805.701255,NA,NA
2025-03-29T09:59:38,443,NA,NA,NA,8.588961,NA
2025-03-29T09:59:38,443,NA,NA,NA,NA,0.000032
2025-03-29T10:00:09,444,17.508970,NA,NA,NA,NA
2025-03-29T10:00:09,444,NA,NA,30456.850771,NA,NA
2025-03-29T10:00:09,444,NA,NA,NA,8.405334,NA
2025-03-29T10:00:09,444,NA,NA,NA,NA,0.000031
2025-03-29T10:00:38,445,18.358953,NA,NA,NA,NA
2025-03-29T10:00:38,445,NA,NA,30252.381024,NA,NA
2025-03-29T10:00:38,445,NA,NA,NA,8.462144,NA
2025-03-29T10:00:38,445,NA,NA,NA,NA,0.000030
2025-03-29T10:01:07,446,17.106525,NA,NA,NA,NA
2025-03-29T10:01:07,446,NA,NA,29655.343023,NA,NA
2025-03-29T10:01:07,446,NA,NA,NA,8.632508,NA
2025-03-29T10:01:07,446,NA,NA,NA,NA,0.000029
2025-03-29T10:01:36,447,17.891438,NA,NA,NA,NA
2025-03-29T10:01:36,447,NA,NA,29977.158612,NA,NA
2025-03-29T10:01:36,447,NA,NA,NA,8.539835,NA
2025-03-29T10:01:36,447,NA,NA,NA,NA,0.000027
2025-03-29T10:02:06,448,16.108213,NA,NA,NA,NA
2025-03-29T10:02:06,448,NA,NA,29829.424956,NA,NA
2025-03-29T10:02:06,448,NA,NA,NA,8.582129,NA
2025-03-29T10:02:06,448,NA,NA,NA,NA,0.000026
2025-03-29T10:02:35,449,16.815680,NA,NA,NA,NA
2025-03-29T10:02:35,449,NA,NA,29657.225781,NA,NA
2025-03-29T10:02:35,449,NA,NA,NA,8.631961,NA
2025-03-29T10:02:35,449,NA,NA,NA,NA,0.000025
2025-03-29T10:03:18,450,NA,17.399994,NA,NA,NA
2025-03-29T10:03:46,450,19.016481,NA,NA,NA,NA
2025-03-29T10:03:46,450,NA,NA,29373.121602,NA,NA
2025-03-29T10:03:46,450,NA,NA,NA,8.715451,NA
2025-03-29T10:03:46,450,NA,NA,NA,NA,0.000024
2025-03-29T10:04:15,451,17.065819,NA,NA,NA,NA
2025-03-29T10:04:15,451,NA,NA,29594.167608,NA,NA
2025-03-29T10:04:15,451,NA,NA,NA,8.650353,NA
2025-03-29T10:04:15,451,NA,NA,NA,NA,0.000024
2025-03-29T10:04:44,452,18.095079,NA,NA,NA,NA
2025-03-29T10:04:44,452,NA,NA,29381.152291,NA,NA
2025-03-29T10:04:44,452,NA,NA,NA,8.713069,NA
2025-03-29T10:04:44,452,NA,NA,NA,NA,0.000023
2025-03-29T10:05:13,453,18.148186,NA,NA,NA,NA
2025-03-29T10:05:13,453,NA,NA,29399.878453,NA,NA
2025-03-29T10:05:13,453,NA,NA,NA,8.707519,NA
2025-03-29T10:05:13,453,NA,NA,NA,NA,0.000022
2025-03-29T10:05:41,454,16.102259,NA,NA,NA,NA
2025-03-29T10:05:41,454,NA,NA,29548.130155,NA,NA
2025-03-29T10:05:41,454,NA,NA,NA,8.663831,NA
2025-03-29T10:05:41,454,NA,NA,NA,NA,0.000021
2025-03-29T10:06:10,455,18.281349,NA,NA,NA,NA
2025-03-29T10:06:10,455,NA,NA,29719.006669,NA,NA
2025-03-29T10:06:10,455,NA,NA,NA,8.614016,NA
2025-03-29T10:06:10,455,NA,NA,NA,NA,0.000020
2025-03-29T10:06:39,456,17.912901,NA,NA,NA,NA
2025-03-29T10:06:39,456,NA,NA,29210.050478,NA,NA
2025-03-29T10:06:39,456,NA,NA,NA,8.764107,NA
2025-03-29T10:06:39,456,NA,NA,NA,NA,0.000019
2025-03-29T10:07:08,457,19.328932,NA,NA,NA,NA
2025-03-29T10:07:08,457,NA,NA,29642.725789,NA,NA
2025-03-29T10:07:08,457,NA,NA,NA,8.636183,NA
2025-03-29T10:07:08,457,NA,NA,NA,NA,0.000018
2025-03-29T10:07:37,458,18.011316,NA,NA,NA,NA
2025-03-29T10:07:37,458,NA,NA,29941.955744,NA,NA
2025-03-29T10:07:37,458,NA,NA,NA,8.549875,NA
2025-03-29T10:07:37,458,NA,NA,NA,NA,0.000017
2025-03-29T10:08:07,459,18.128708,NA,NA,NA,NA
2025-03-29T10:08:07,459,NA,NA,30416.689118,NA,NA
2025-03-29T10:08:07,459,NA,NA,NA,8.416432,NA
2025-03-29T10:08:07,459,NA,NA,NA,NA,0.000016
2025-03-29T10:08:48,460,NA,17.799988,NA,NA,NA
2025-03-29T10:18:05,460,19.917913,NA,NA,NA,NA
2025-03-29T10:18:05,460,NA,NA,29605.272517,NA,NA
2025-03-29T10:18:05,460,NA,NA,NA,8.647108,NA
2025-03-29T10:18:05,460,NA,NA,NA,NA,0.000016
2025-03-29T10:18:34,461,18.055073,NA,NA,NA,NA
2025-03-29T10:18:34,461,NA,NA,29451.315136,NA,NA
2025-03-29T10:18:34,461,NA,NA,NA,8.692311,NA
2025-03-29T10:18:34,461,NA,NA,NA,NA,0.000015
2025-03-29T10:19:04,462,17.747004,NA,NA,NA,NA
2025-03-29T10:19:04,462,NA,NA,30369.403326,NA,NA
2025-03-29T10:19:04,462,NA,NA,NA,8.429537,NA
2025-03-29T10:19:04,462,NA,NA,NA,NA,0.000014
2025-03-29T10:19:33,463,17.767488,NA,NA,NA,NA
2025-03-29T10:19:33,463,NA,NA,29679.661293,NA,NA
2025-03-29T10:19:33,463,NA,NA,NA,8.625436,NA
2025-03-29T10:19:33,463,NA,NA,NA,NA,0.000013
2025-03-29T10:20:03,464,18.493990,NA,NA,NA,NA
2025-03-29T10:20:03,464,NA,NA,29835.177157,NA,NA
2025-03-29T10:20:03,464,NA,NA,NA,8.580475,NA
2025-03-29T10:20:03,464,NA,NA,NA,NA,0.000013
2025-03-29T10:20:32,465,18.477512,NA,NA,NA,NA
2025-03-29T10:20:32,465,NA,NA,29785.838498,NA,NA
2025-03-29T10:20:32,465,NA,NA,NA,8.594688,NA
2025-03-29T10:20:32,465,NA,NA,NA,NA,0.000012
2025-03-29T10:21:01,466,18.752653,NA,NA,NA,NA
2025-03-29T10:21:01,466,NA,NA,29605.893942,NA,NA
2025-03-29T10:21:01,466,NA,NA,NA,8.646927,NA
2025-03-29T10:21:01,466,NA,NA,NA,NA,0.000011
2025-03-29T10:21:30,467,16.884956,NA,NA,NA,NA
2025-03-29T10:21:30,467,NA,NA,30190.880653,NA,NA
2025-03-29T10:21:30,467,NA,NA,NA,8.479382,NA
2025-03-29T10:21:30,467,NA,NA,NA,NA,0.000011
2025-03-29T10:21:59,468,19.334784,NA,NA,NA,NA
2025-03-29T10:21:59,468,NA,NA,29745.211523,NA,NA
2025-03-29T10:21:59,468,NA,NA,NA,8.606427,NA
2025-03-29T10:21:59,468,NA,NA,NA,NA,0.000010
2025-03-29T10:22:28,469,18.807495,NA,NA,NA,NA
2025-03-29T10:22:28,469,NA,NA,29534.143322,NA,NA
2025-03-29T10:22:28,469,NA,NA,NA,8.667933,NA
2025-03-29T10:22:28,469,NA,NA,NA,NA,0.000009
2025-03-29T10:23:12,470,NA,17.399994,NA,NA,NA
2025-03-29T10:23:41,470,18.156181,NA,NA,NA,NA
2025-03-29T10:23:41,470,NA,NA,29954.019408,NA,NA
2025-03-29T10:23:41,470,NA,NA,NA,8.546432,NA
2025-03-29T10:23:41,470,NA,NA,NA,NA,0.000009
2025-03-29T10:24:10,471,17.162344,NA,NA,NA,NA
2025-03-29T10:24:10,471,NA,NA,29909.559590,NA,NA
2025-03-29T10:24:10,471,NA,NA,NA,8.559136,NA
2025-03-29T10:24:10,471,NA,NA,NA,NA,0.000008
2025-03-29T10:24:39,472,18.769600,NA,NA,NA,NA
2025-03-29T10:24:39,472,NA,NA,29820.979719,NA,NA
2025-03-29T10:24:39,472,NA,NA,NA,8.584560,NA
2025-03-29T10:24:39,472,NA,NA,NA,NA,0.000008
2025-03-29T10:25:09,473,18.549297,NA,NA,NA,NA
2025-03-29T10:25:09,473,NA,NA,30318.617983,NA,NA
2025-03-29T10:25:09,473,NA,NA,NA,8.443657,NA
2025-03-29T10:25:09,473,NA,NA,NA,NA,0.000007
2025-03-29T10:25:38,474,18.461393,NA,NA,NA,NA
2025-03-29T10:25:38,474,NA,NA,30169.228419,NA,NA
2025-03-29T10:25:38,474,NA,NA,NA,8.485467,NA
2025-03-29T10:25:38,474,NA,NA,NA,NA,0.000007
2025-03-29T10:26:07,475,18.123066,NA,NA,NA,NA
2025-03-29T10:26:07,475,NA,NA,29632.678433,NA,NA
2025-03-29T10:26:07,475,NA,NA,NA,8.639112,NA
2025-03-29T10:26:07,475,NA,NA,NA,NA,0.000006
2025-03-29T10:26:36,476,17.028782,NA,NA,NA,NA
2025-03-29T10:26:36,476,NA,NA,29370.907837,NA,NA
2025-03-29T10:26:36,476,NA,NA,NA,8.716107,NA
2025-03-29T10:26:36,476,NA,NA,NA,NA,0.000006
2025-03-29T10:27:05,477,18.841103,NA,NA,NA,NA
2025-03-29T10:27:05,477,NA,NA,29390.649645,NA,NA
2025-03-29T10:27:05,477,NA,NA,NA,8.710253,NA
2025-03-29T10:27:05,477,NA,NA,NA,NA,0.000005
2025-03-29T10:27:33,478,17.102875,NA,NA,NA,NA
2025-03-29T10:27:33,478,NA,NA,29192.973029,NA,NA
2025-03-29T10:27:33,478,NA,NA,NA,8.769234,NA
2025-03-29T10:27:33,478,NA,NA,NA,NA,0.000005
2025-03-29T10:28:02,479,17.496124,NA,NA,NA,NA
2025-03-29T10:28:02,479,NA,NA,29528.552486,NA,NA
2025-03-29T10:28:02,479,NA,NA,NA,8.669575,NA
2025-03-29T10:28:02,479,NA,NA,NA,NA,0.000004
2025-03-29T10:28:43,480,NA,17.399994,NA,NA,NA
2025-03-29T10:37:50,480,16.955198,NA,NA,NA,NA
2025-03-29T10:37:50,480,NA,NA,29505.909443,NA,NA
2025-03-29T10:37:50,480,NA,NA,NA,8.676229,NA
2025-03-29T10:37:50,480,NA,NA,NA,NA,0.000004
2025-03-29T10:38:18,481,17.848375,NA,NA,NA,NA
2025-03-29T10:38:18,481,NA,NA,29255.165974,NA,NA
2025-03-29T10:38:18,481,NA,NA,NA,8.750591,NA
2025-03-29T10:38:18,481,NA,NA,NA,NA,0.000004
2025-03-29T10:38:47,482,17.621521,NA,NA,NA,NA
2025-03-29T10:38:47,482,NA,NA,29342.860872,NA,NA
2025-03-29T10:38:47,482,NA,NA,NA,8.724439,NA
2025-03-29T10:38:47,482,NA,NA,NA,NA,0.000003
2025-03-29T10:39:15,483,17.059681,NA,NA,NA,NA
2025-03-29T10:39:15,483,NA,NA,29171.649823,NA,NA
2025-03-29T10:39:15,483,NA,NA,NA,8.775643,NA
2025-03-29T10:39:15,483,NA,NA,NA,NA,0.000003
2025-03-29T10:39:44,484,19.034279,NA,NA,NA,NA
2025-03-29T10:39:44,484,NA,NA,29326.175406,NA,NA
2025-03-29T10:39:44,484,NA,NA,NA,8.729403,NA
2025-03-29T10:39:44,484,NA,NA,NA,NA,0.000003
2025-03-29T10:40:12,485,17.484455,NA,NA,NA,NA
2025-03-29T10:40:12,485,NA,NA,29274.008240,NA,NA
2025-03-29T10:40:12,485,NA,NA,NA,8.744959,NA
2025-03-29T10:40:12,485,NA,NA,NA,NA,0.000002
2025-03-29T10:40:41,486,17.496256,NA,NA,NA,NA
2025-03-29T10:40:41,486,NA,NA,29281.951234,NA,NA
2025-03-29T10:40:41,486,NA,NA,NA,8.742587,NA
2025-03-29T10:40:41,486,NA,NA,NA,NA,0.000002
2025-03-29T10:41:10,487,17.992945,NA,NA,NA,NA
2025-03-29T10:41:10,487,NA,NA,29336.055100,NA,NA
2025-03-29T10:41:10,487,NA,NA,NA,8.726463,NA
2025-03-29T10:41:10,487,NA,NA,NA,NA,0.000002
2025-03-29T10:41:39,488,18.602160,NA,NA,NA,NA
2025-03-29T10:41:39,488,NA,NA,29388.808131,NA,NA
2025-03-29T10:41:39,488,NA,NA,NA,8.710799,NA
2025-03-29T10:41:39,488,NA,NA,NA,NA,0.000001
2025-03-29T10:42:08,489,18.671190,NA,NA,NA,NA
2025-03-29T10:42:08,489,NA,NA,29315.653665,NA,NA
2025-03-29T10:42:08,489,NA,NA,NA,8.732536,NA
2025-03-29T10:42:08,489,NA,NA,NA,NA,0.000001
2025-03-29T10:42:48,490,NA,17.399994,NA,NA,NA
2025-03-29T10:43:17,490,17.991409,NA,NA,NA,NA
2025-03-29T10:43:17,490,NA,NA,29511.389021,NA,NA
2025-03-29T10:43:17,490,NA,NA,NA,8.674617,NA
2025-03-29T10:43:17,490,NA,NA,NA,NA,0.000001
2025-03-29T10:43:46,491,17.376148,NA,NA,NA,NA
2025-03-29T10:43:46,491,NA,NA,29495.008572,NA,NA
2025-03-29T10:43:46,491,NA,NA,NA,8.679435,NA
2025-03-29T10:43:46,491,NA,NA,NA,NA,0.000001
2025-03-29T10:44:15,492,17.657627,NA,NA,NA,NA
2025-03-29T10:44:15,492,NA,NA,29265.290943,NA,NA
2025-03-29T10:44:15,492,NA,NA,NA,8.747563,NA
2025-03-29T10:44:15,492,NA,NA,NA,NA,0.000001
2025-03-29T10:44:43,493,18.996588,NA,NA,NA,NA
2025-03-29T10:44:43,493,NA,NA,29296.158194,NA,NA
2025-03-29T10:44:43,493,NA,NA,NA,8.738347,NA
2025-03-29T10:44:43,493,NA,NA,NA,NA,0.000000
2025-03-29T10:45:12,494,16.589542,NA,NA,NA,NA
2025-03-29T10:45:12,494,NA,NA,29718.967317,NA,NA
2025-03-29T10:45:12,494,NA,NA,NA,8.614027,NA
2025-03-29T10:45:12,494,NA,NA,NA,NA,0.000000
2025-03-29T10:45:41,495,17.039949,NA,NA,NA,NA
2025-03-29T10:45:41,495,NA,NA,29502.489879,NA,NA
2025-03-29T10:45:41,495,NA,NA,NA,8.677234,NA
2025-03-29T10:45:41,495,NA,NA,NA,NA,0.000000
2025-03-29T10:46:10,496,18.652199,NA,NA,NA,NA
2025-03-29T10:46:10,496,NA,NA,29478.379660,NA,NA
2025-03-29T10:46:10,496,NA,NA,NA,8.684331,NA
2025-03-29T10:46:10,496,NA,NA,NA,NA,0.000000
2025-03-29T10:46:39,497,19.357700,NA,NA,NA,NA
2025-03-29T10:46:39,497,NA,NA,29524.304804,NA,NA
2025-03-29T10:46:39,497,NA,NA,NA,8.670822,NA
2025-03-29T10:46:39,497,NA,NA,NA,NA,0.000000
2025-03-29T10:47:08,498,17.317610,NA,NA,NA,NA
2025-03-29T10:47:08,498,NA,NA,29629.012938,NA,NA
2025-03-29T10:47:08,498,NA,NA,NA,8.640180,NA
2025-03-29T10:47:08,498,NA,NA,NA,NA,0.000000
2025-03-29T10:47:36,499,17.819567,NA,NA,NA,NA
2025-03-29T10:47:36,499,NA,NA,29430.160250,NA,NA
2025-03-29T10:47:36,499,NA,NA,NA,8.698560,NA
2025-03-29T10:47:36,499,NA,NA,NA,NA,0.000000
2025-03-29T10:48:18,500,NA,17.399994,NA,NA,NA
2025-03-29T10:57:23,500,17.957884,NA,NA,NA,NA
2025-03-29T10:57:23,500,NA,NA,29475.852435,NA,NA
2025-03-29T10:57:23,500,NA,NA,NA,8.685076,NA
2025-03-29T10:57:23,500,NA,NA,NA,NA,0.000000
2025-03-29T11:58:44,0,NA,17.199997,NA,NA,NA
2025-03-29T11:59:15,0,17.749117,NA,NA,NA,NA
2025-03-29T11:59:15,0,NA,NA,31398.156679,NA,NA
2025-03-29T11:59:15,0,NA,NA,NA,8.153345,NA
2025-03-29T11:59:15,0,NA,NA,NA,NA,0.001000
2025-03-29T11:59:48,1,17.748503,NA,NA,NA,NA
2025-03-29T11:59:48,1,NA,NA,33814.021611,NA,NA
2025-03-29T11:59:48,1,NA,NA,NA,7.570824,NA
2025-03-29T11:59:48,1,NA,NA,NA,NA,0.001000
2025-03-29T12:00:36,2,19.210239,NA,NA,NA,NA
2025-03-29T12:00:36,2,NA,NA,48479.629553,NA,NA
2025-03-29T12:00:36,2,NA,NA,NA,5.280569,NA
2025-03-29T12:00:36,2,NA,NA,NA,NA,0.001000
2025-03-29T12:01:09,3,17.559572,NA,NA,NA,NA
2025-03-29T12:01:09,3,NA,NA,33819.234364,NA,NA
2025-03-29T12:01:09,3,NA,NA,NA,7.569657,NA
2025-03-29T12:01:09,3,NA,NA,NA,NA,0.001000
2025-03-29T12:01:40,4,16.729410,NA,NA,NA,NA
2025-03-29T12:01:40,4,NA,NA,31449.945360,NA,NA
2025-03-29T12:01:40,4,NA,NA,NA,8.139918,NA
2025-03-29T12:01:40,4,NA,NA,NA,NA,0.001000
2025-03-29T12:02:10,5,17.280531,NA,NA,NA,NA
2025-03-29T12:02:10,5,NA,NA,31447.244132,NA,NA
2025-03-29T12:02:10,5,NA,NA,NA,8.140618,NA
2025-03-29T12:02:10,5,NA,NA,NA,NA,0.001000
2025-03-29T12:02:41,6,19.147358,NA,NA,NA,NA
2025-03-29T12:02:41,6,NA,NA,31111.664276,NA,NA
2025-03-29T12:02:41,6,NA,NA,NA,8.228425,NA
2025-03-29T12:02:41,6,NA,NA,NA,NA,0.001000
2025-03-29T12:03:12,7,17.841965,NA,NA,NA,NA
2025-03-29T12:03:12,7,NA,NA,32209.540226,NA,NA
2025-03-29T12:03:12,7,NA,NA,NA,7.947956,NA
2025-03-29T12:03:12,7,NA,NA,NA,NA,0.001000
2025-03-29T12:03:43,8,17.870415,NA,NA,NA,NA
2025-03-29T12:03:43,8,NA,NA,31788.313965,NA,NA
2025-03-29T12:03:43,8,NA,NA,NA,8.053274,NA
2025-03-29T12:03:43,8,NA,NA,NA,NA,0.000999
2025-03-29T12:04:16,9,19.171028,NA,NA,NA,NA
2025-03-29T12:04:16,9,NA,NA,33279.208531,NA,NA
2025-03-29T12:04:16,9,NA,NA,NA,7.692491,NA
2025-03-29T12:04:16,9,NA,NA,NA,NA,0.000999
2025-03-29T12:05:02,10,NA,17.799988,NA,NA,NA
2025-03-29T12:05:37,10,18.007603,NA,NA,NA,NA
2025-03-29T12:05:37,10,NA,NA,34813.736990,NA,NA
2025-03-29T12:05:37,10,NA,NA,NA,7.353419,NA
2025-03-29T12:05:37,10,NA,NA,NA,NA,0.000999
2025-03-29T12:06:08,11,17.081888,NA,NA,NA,NA
2025-03-29T12:06:08,11,NA,NA,32607.095717,NA,NA
2025-03-29T12:06:08,11,NA,NA,NA,7.851052,NA
2025-03-29T12:06:08,11,NA,NA,NA,NA,0.000999
2025-03-29T12:06:39,12,17.861261,NA,NA,NA,NA
2025-03-29T12:06:39,12,NA,NA,30806.793738,NA,NA
2025-03-29T12:06:39,12,NA,NA,NA,8.309855,NA
2025-03-29T12:06:39,12,NA,NA,NA,NA,0.000999
2025-03-29T12:07:09,13,17.665337,NA,NA,NA,NA
2025-03-29T12:07:09,13,NA,NA,30846.847815,NA,NA
2025-03-29T12:07:09,13,NA,NA,NA,8.299066,NA
2025-03-29T12:07:09,13,NA,NA,NA,NA,0.000998
2025-03-29T12:07:39,14,18.432682,NA,NA,NA,NA
2025-03-29T12:07:39,14,NA,NA,30917.302307,NA,NA
2025-03-29T12:07:39,14,NA,NA,NA,8.280153,NA
2025-03-29T12:07:39,14,NA,NA,NA,NA,0.000998
2025-03-29T12:08:09,15,18.458817,NA,NA,NA,NA
2025-03-29T12:08:09,15,NA,NA,31061.523229,NA,NA
2025-03-29T12:08:09,15,NA,NA,NA,8.241708,NA
2025-03-29T12:08:09,15,NA,NA,NA,NA,0.000998
2025-03-29T12:08:39,16,18.309759,NA,NA,NA,NA
2025-03-29T12:08:39,16,NA,NA,30885.648489,NA,NA
2025-03-29T12:08:39,16,NA,NA,NA,8.288639,NA
2025-03-29T12:08:39,16,NA,NA,NA,NA,0.000997
2025-03-29T12:09:11,17,18.634178,NA,NA,NA,NA
2025-03-29T12:09:11,17,NA,NA,32225.812687,NA,NA
2025-03-29T12:09:11,17,NA,NA,NA,7.943943,NA
2025-03-29T12:09:11,17,NA,NA,NA,NA,0.000997
2025-03-29T12:09:43,18,17.392754,NA,NA,NA,NA
2025-03-29T12:09:43,18,NA,NA,32906.863798,NA,NA
2025-03-29T12:09:43,18,NA,NA,NA,7.779532,NA
2025-03-29T12:09:43,18,NA,NA,NA,NA,0.000997
2025-03-29T12:10:15,19,17.293928,NA,NA,NA,NA
2025-03-29T12:10:15,19,NA,NA,32487.659390,NA,NA
2025-03-29T12:10:15,19,NA,NA,NA,7.879915,NA
2025-03-29T12:10:15,19,NA,NA,NA,NA,0.000996
2025-03-29T12:10:59,20,NA,18.599991,NA,NA,NA
2025-03-29T12:20:47,20,16.732439,NA,NA,NA,NA
2025-03-29T12:20:47,20,NA,NA,30623.515043,NA,NA
2025-03-29T12:20:47,20,NA,NA,NA,8.359589,NA
2025-03-29T12:20:47,20,NA,NA,NA,NA,0.000996
2025-03-29T12:21:18,21,17.126060,NA,NA,NA,NA
2025-03-29T12:21:18,21,NA,NA,32106.042095,NA,NA
2025-03-29T12:21:18,21,NA,NA,NA,7.973577,NA
2025-03-29T12:21:18,21,NA,NA,NA,NA,0.000996
2025-03-29T12:21:48,22,18.792389,NA,NA,NA,NA
2025-03-29T12:21:48,22,NA,NA,30537.611128,NA,NA
2025-03-29T12:21:48,22,NA,NA,NA,8.383105,NA
2025-03-29T12:21:48,22,NA,NA,NA,NA,0.000995
2025-03-29T12:22:21,23,17.979431,NA,NA,NA,NA
2025-03-29T12:22:21,23,NA,NA,33469.605187,NA,NA
2025-03-29T12:22:21,23,NA,NA,NA,7.648731,NA
2025-03-29T12:22:21,23,NA,NA,NA,NA,0.000995
2025-03-29T12:22:52,24,17.909845,NA,NA,NA,NA
2025-03-29T12:22:52,24,NA,NA,32082.951824,NA,NA
2025-03-29T12:22:52,24,NA,NA,NA,7.979316,NA
2025-03-29T12:22:52,24,NA,NA,NA,NA,0.000994
2025-03-29T12:23:24,25,18.464161,NA,NA,NA,NA
2025-03-29T12:23:24,25,NA,NA,32148.285058,NA,NA
2025-03-29T12:23:24,25,NA,NA,NA,7.963100,NA
2025-03-29T12:23:24,25,NA,NA,NA,NA,0.000994
2025-03-29T12:23:55,26,17.759144,NA,NA,NA,NA
2025-03-29T12:23:55,26,NA,NA,32161.569912,NA,NA
2025-03-29T12:23:55,26,NA,NA,NA,7.959810,NA
2025-03-29T12:23:55,26,NA,NA,NA,NA,0.000993
2025-03-29T12:24:28,27,18.421276,NA,NA,NA,NA
2025-03-29T12:24:28,27,NA,NA,33779.338798,NA,NA
2025-03-29T12:24:28,27,NA,NA,NA,7.578597,NA
2025-03-29T12:24:28,27,NA,NA,NA,NA,0.000993
2025-03-29T12:24:58,28,18.907949,NA,NA,NA,NA
2025-03-29T12:24:58,28,NA,NA,30888.434627,NA,NA
2025-03-29T12:24:58,28,NA,NA,NA,8.287891,NA
2025-03-29T12:24:58,28,NA,NA,NA,NA,0.000992
2025-03-29T12:25:28,29,17.681519,NA,NA,NA,NA
2025-03-29T12:25:28,29,NA,NA,30503.451975,NA,NA
2025-03-29T12:25:28,29,NA,NA,NA,8.392492,NA
2025-03-29T12:25:28,29,NA,NA,NA,NA,0.000992
2025-03-29T12:26:12,30,NA,17.799988,NA,NA,NA
2025-03-29T12:26:43,30,18.527609,NA,NA,NA,NA
2025-03-29T12:26:43,30,NA,NA,31098.227898,NA,NA
2025-03-29T12:26:43,30,NA,NA,NA,8.231980,NA
2025-03-29T12:26:43,30,NA,NA,NA,NA,0.000991
2025-03-29T12:27:13,31,17.348133,NA,NA,NA,NA
2025-03-29T12:27:13,31,NA,NA,31302.648764,NA,NA
2025-03-29T12:27:13,31,NA,NA,NA,8.178222,NA
2025-03-29T12:27:13,31,NA,NA,NA,NA,0.000991
2025-03-29T12:27:43,32,18.006292,NA,NA,NA,NA
2025-03-29T12:27:43,32,NA,NA,30692.863204,NA,NA
2025-03-29T12:27:43,32,NA,NA,NA,8.340701,NA
2025-03-29T12:27:43,32,NA,NA,NA,NA,0.000990
2025-03-29T12:28:14,33,17.151714,NA,NA,NA,NA
2025-03-29T12:28:14,33,NA,NA,31900.126448,NA,NA
2025-03-29T12:28:14,33,NA,NA,NA,8.025046,NA
2025-03-29T12:28:14,33,NA,NA,NA,NA,0.000989
2025-03-29T12:28:47,34,17.755032,NA,NA,NA,NA
2025-03-29T12:28:47,34,NA,NA,33125.119013,NA,NA
2025-03-29T12:28:47,34,NA,NA,NA,7.728274,NA
2025-03-29T12:28:47,34,NA,NA,NA,NA,0.000989
2025-03-29T12:29:19,35,17.986330,NA,NA,NA,NA
2025-03-29T12:29:19,35,NA,NA,32918.901030,NA,NA
2025-03-29T12:29:19,35,NA,NA,NA,7.776687,NA
2025-03-29T12:29:19,35,NA,NA,NA,NA,0.000988
2025-03-29T12:29:51,36,18.359873,NA,NA,NA,NA
2025-03-29T12:29:51,36,NA,NA,32561.471512,NA,NA
2025-03-29T12:29:51,36,NA,NA,NA,7.862052,NA
2025-03-29T12:29:51,36,NA,NA,NA,NA,0.000987
2025-03-29T12:30:27,37,18.322910,NA,NA,NA,NA
2025-03-29T12:30:27,37,NA,NA,36940.452875,NA,NA
2025-03-29T12:30:27,37,NA,NA,NA,6.930072,NA
2025-03-29T12:30:27,37,NA,NA,NA,NA,0.000987
2025-03-29T12:31:23,38,18.714418,NA,NA,NA,NA
2025-03-29T12:31:23,38,NA,NA,57235.148029,NA,NA
2025-03-29T12:31:23,38,NA,NA,NA,4.472776,NA
2025-03-29T12:31:23,38,NA,NA,NA,NA,0.000986
2025-03-29T12:31:32,0,NA,20.344162,NA,NA,NA
2025-03-29T12:32:16,39,17.156670,NA,NA,NA,NA
2025-03-29T12:32:16,39,NA,NA,54878.294136,NA,NA
2025-03-29T12:32:16,39,NA,NA,NA,4.664868,NA
2025-03-29T12:32:16,39,NA,NA,NA,NA,0.000985
2025-03-29T12:32:16,0,20.755718,NA,NA,NA,NA
2025-03-29T12:32:16,0,NA,NA,46112.163001,NA,NA
2025-03-29T12:32:16,0,NA,NA,NA,5.551681,NA
2025-03-29T12:32:16,0,NA,NA,NA,NA,0.001000
2025-03-29T12:33:01,1,19.486782,NA,NA,NA,NA
2025-03-29T12:33:01,1,NA,NA,45784.489716,NA,NA
2025-03-29T12:33:01,1,NA,NA,NA,5.591413,NA
2025-03-29T12:33:01,1,NA,NA,NA,NA,0.001000
2025-03-29T12:33:31,40,NA,17.599991,NA,NA,NA
2025-03-29T12:33:45,2,20.945719,NA,NA,NA,NA
2025-03-29T12:33:45,2,NA,NA,45616.876702,NA,NA
2025-03-29T12:33:45,2,NA,NA,NA,5.611958,NA
2025-03-29T12:33:45,2,NA,NA,NA,NA,0.001000
2025-03-29T12:34:30,3,20.069639,NA,NA,NA,NA
2025-03-29T12:34:30,3,NA,NA,45335.558416,NA,NA
2025-03-29T12:34:30,3,NA,NA,NA,5.646781,NA
2025-03-29T12:34:30,3,NA,NA,NA,NA,0.001000
2025-03-29T12:35:13,4,19.960800,NA,NA,NA,NA
2025-03-29T12:35:13,4,NA,NA,44000.329766,NA,NA
2025-03-29T12:35:13,4,NA,NA,NA,5.818138,NA
2025-03-29T12:35:13,4,NA,NA,NA,NA,0.001000
2025-03-29T12:35:55,5,21.389759,NA,NA,NA,NA
2025-03-29T12:35:55,5,NA,NA,43308.628913,NA,NA
2025-03-29T12:35:55,5,NA,NA,NA,5.911062,NA
2025-03-29T12:35:55,5,NA,NA,NA,NA,0.001000
2025-03-29T12:36:39,6,20.488815,NA,NA,NA,NA
2025-03-29T12:36:39,6,NA,NA,44275.737563,NA,NA
2025-03-29T12:36:39,6,NA,NA,NA,5.781948,NA
2025-03-29T12:36:39,6,NA,NA,NA,NA,0.001000
2025-03-29T12:37:21,7,21.178875,NA,NA,NA,NA
2025-03-29T12:37:21,7,NA,NA,43291.695182,NA,NA
2025-03-29T12:37:21,7,NA,NA,NA,5.913374,NA
2025-03-29T12:37:21,7,NA,NA,NA,NA,0.001000
2025-03-29T12:38:03,8,20.887978,NA,NA,NA,NA
2025-03-29T12:38:03,8,NA,NA,43101.693998,NA,NA
2025-03-29T12:38:03,8,NA,NA,NA,5.939442,NA
2025-03-29T12:38:03,8,NA,NA,NA,NA,0.000999
2025-03-29T12:38:45,9,20.467468,NA,NA,NA,NA
2025-03-29T12:38:45,9,NA,NA,42728.479557,NA,NA
2025-03-29T12:38:45,9,NA,NA,NA,5.991320,NA
2025-03-29T12:38:45,9,NA,NA,NA,NA,0.000999
2025-03-29T12:39:52,10,NA,20.249405,NA,NA,NA
2025-03-29T12:40:35,10,22.784737,NA,NA,NA,NA
2025-03-29T12:40:35,10,NA,NA,43626.391685,NA,NA
2025-03-29T12:40:35,10,NA,NA,NA,5.868008,NA
2025-03-29T12:40:35,10,NA,NA,NA,NA,0.000999
2025-03-29T12:41:18,11,21.405937,NA,NA,NA,NA
2025-03-29T12:41:18,11,NA,NA,43712.054302,NA,NA
2025-03-29T12:41:18,11,NA,NA,NA,5.856508,NA
2025-03-29T12:41:18,11,NA,NA,NA,NA,0.000999
2025-03-29T12:42:00,12,21.970211,NA,NA,NA,NA
2025-03-29T12:42:00,12,NA,NA,42936.003112,NA,NA
2025-03-29T12:42:00,12,NA,NA,NA,5.962362,NA
2025-03-29T12:42:00,12,NA,NA,NA,NA,0.000999
2025-03-29T12:42:42,13,20.404087,NA,NA,NA,NA
2025-03-29T12:42:42,13,NA,NA,43678.859074,NA,NA
2025-03-29T12:42:42,13,NA,NA,NA,5.860959,NA
2025-03-29T12:42:42,13,NA,NA,NA,NA,0.000998
2025-03-29T12:43:25,14,20.975910,NA,NA,NA,NA
2025-03-29T12:43:25,14,NA,NA,43649.961924,NA,NA
2025-03-29T12:43:25,14,NA,NA,NA,5.864839,NA
2025-03-29T12:43:25,14,NA,NA,NA,NA,0.000998
2025-03-29T12:44:08,15,19.553232,NA,NA,NA,NA
2025-03-29T12:44:08,15,NA,NA,43557.750031,NA,NA
2025-03-29T12:44:08,15,NA,NA,NA,5.877255,NA
2025-03-29T12:44:08,15,NA,NA,NA,NA,0.000998
2025-03-29T12:44:49,16,19.552979,NA,NA,NA,NA
2025-03-29T12:44:49,16,NA,NA,43191.837228,NA,NA
2025-03-29T12:44:49,16,NA,NA,NA,5.927046,NA
2025-03-29T12:44:49,16,NA,NA,NA,NA,0.000997
2025-03-29T12:45:33,17,22.425383,NA,NA,NA,NA
2025-03-29T12:45:33,17,NA,NA,44271.402900,NA,NA
2025-03-29T12:45:33,17,NA,NA,NA,5.782514,NA
2025-03-29T12:45:33,17,NA,NA,NA,NA,0.000997
2025-03-29T12:46:16,18,20.152264,NA,NA,NA,NA
2025-03-29T12:46:16,18,NA,NA,43944.010633,NA,NA
2025-03-29T12:46:16,18,NA,NA,NA,5.825595,NA
2025-03-29T12:46:16,18,NA,NA,NA,NA,0.000997
2025-03-29T12:46:59,19,20.815346,NA,NA,NA,NA
2025-03-29T12:46:59,19,NA,NA,43807.443604,NA,NA
2025-03-29T12:46:59,19,NA,NA,NA,5.843756,NA
2025-03-29T12:46:59,19,NA,NA,NA,NA,0.000996
2025-03-29T12:48:07,20,NA,20.528564,NA,NA,NA
2025-03-29T12:49:19,40,18.154699,NA,NA,NA,NA
2025-03-29T12:49:19,40,NA,NA,51564.595890,NA,NA
2025-03-29T12:49:19,40,NA,NA,NA,4.964647,NA
2025-03-29T12:49:19,40,NA,NA,NA,NA,0.000984
2025-03-29T12:50:09,41,17.198980,NA,NA,NA,NA
2025-03-29T12:50:09,41,NA,NA,50852.777284,NA,NA
2025-03-29T12:50:09,41,NA,NA,NA,5.034140,NA
2025-03-29T12:50:09,41,NA,NA,NA,NA,0.000984
2025-03-29T12:50:58,42,18.484640,NA,NA,NA,NA
2025-03-29T12:50:58,42,NA,NA,50444.890542,NA,NA
2025-03-29T12:50:58,42,NA,NA,NA,5.074845,NA
2025-03-29T12:50:58,42,NA,NA,NA,NA,0.000983
2025-03-29T12:51:48,43,17.595020,NA,NA,NA,NA
2025-03-29T12:51:48,43,NA,NA,50790.459388,NA,NA
2025-03-29T12:51:48,43,NA,NA,NA,5.040317,NA
2025-03-29T12:51:48,43,NA,NA,NA,NA,0.000982
2025-03-29T12:52:38,44,17.355789,NA,NA,NA,NA
2025-03-29T12:52:38,44,NA,NA,50556.867694,NA,NA
2025-03-29T12:52:38,44,NA,NA,NA,5.063605,NA
2025-03-29T12:52:38,44,NA,NA,NA,NA,0.000981
2025-03-29T12:53:27,45,17.892324,NA,NA,NA,NA
2025-03-29T12:53:27,45,NA,NA,50760.517226,NA,NA
2025-03-29T12:53:27,45,NA,NA,NA,5.043290,NA
2025-03-29T12:53:27,45,NA,NA,NA,NA,0.000980
2025-03-29T12:54:17,46,17.379049,NA,NA,NA,NA
2025-03-29T12:54:17,46,NA,NA,51332.684655,NA,NA
2025-03-29T12:54:17,46,NA,NA,NA,4.987076,NA
2025-03-29T12:54:17,46,NA,NA,NA,NA,0.000979
2025-03-29T12:55:07,47,18.849995,NA,NA,NA,NA
2025-03-29T12:55:07,47,NA,NA,50955.521206,NA,NA
2025-03-29T12:55:07,47,NA,NA,NA,5.023989,NA
2025-03-29T12:55:07,47,NA,NA,NA,NA,0.000978
2025-03-29T12:55:56,48,19.084484,NA,NA,NA,NA
2025-03-29T12:55:56,48,NA,NA,50365.002182,NA,NA
2025-03-29T12:55:56,48,NA,NA,NA,5.082895,NA
2025-03-29T12:55:56,48,NA,NA,NA,NA,0.000977
2025-03-29T12:56:46,49,17.409636,NA,NA,NA,NA
2025-03-29T12:56:46,49,NA,NA,50772.327293,NA,NA
2025-03-29T12:56:46,49,NA,NA,NA,5.042117,NA
2025-03-29T12:56:46,49,NA,NA,NA,NA,0.000976
2025-03-29T12:57:56,50,NA,17.599991,NA,NA,NA
2025-03-29T12:58:47,50,19.068932,NA,NA,NA,NA
2025-03-29T12:58:47,50,NA,NA,51417.765519,NA,NA
2025-03-29T12:58:47,50,NA,NA,NA,4.978824,NA
2025-03-29T12:58:47,50,NA,NA,NA,NA,0.000976
2025-03-29T12:59:37,51,19.063034,NA,NA,NA,NA
2025-03-29T12:59:37,51,NA,NA,51301.852639,NA,NA
2025-03-29T12:59:37,51,NA,NA,NA,4.990073,NA
2025-03-29T12:59:37,51,NA,NA,NA,NA,0.000975
2025-03-29T13:00:28,52,16.941296,NA,NA,NA,NA
2025-03-29T13:00:28,52,NA,NA,52284.537018,NA,NA
2025-03-29T13:00:28,52,NA,NA,NA,4.896285,NA
2025-03-29T13:00:28,52,NA,NA,NA,NA,0.000974
2025-03-29T13:01:18,53,17.998430,NA,NA,NA,NA
2025-03-29T13:01:18,53,NA,NA,50731.833730,NA,NA
2025-03-29T13:01:18,53,NA,NA,NA,5.046141,NA
2025-03-29T13:01:18,53,NA,NA,NA,NA,0.000973
2025-03-29T13:02:07,54,18.669886,NA,NA,NA,NA
2025-03-29T13:02:07,54,NA,NA,51118.640917,NA,NA
2025-03-29T13:02:07,54,NA,NA,NA,5.007958,NA
2025-03-29T13:02:07,54,NA,NA,NA,NA,0.000971
2025-03-29T13:02:57,20,20.469599,NA,NA,NA,NA
2025-03-29T13:02:57,20,NA,NA,43174.809385,NA,NA
2025-03-29T13:02:57,20,NA,NA,NA,5.929383,NA
2025-03-29T13:02:57,20,NA,NA,NA,NA,0.000996
2025-03-29T13:02:57,55,17.652140,NA,NA,NA,NA
2025-03-29T13:02:57,55,NA,NA,50561.107945,NA,NA
2025-03-29T13:02:57,55,NA,NA,NA,5.063180,NA
2025-03-29T13:02:57,55,NA,NA,NA,NA,0.000970
2025-03-29T13:03:39,21,20.118526,NA,NA,NA,NA
2025-03-29T13:03:39,21,NA,NA,43494.151882,NA,NA
2025-03-29T13:03:39,21,NA,NA,NA,5.885849,NA
2025-03-29T13:03:39,21,NA,NA,NA,NA,0.000996
2025-03-29T13:03:46,56,18.651447,NA,NA,NA,NA
2025-03-29T13:03:46,56,NA,NA,50084.738862,NA,NA
2025-03-29T13:03:46,56,NA,NA,NA,5.111337,NA
2025-03-29T13:03:46,56,NA,NA,NA,NA,0.000969
2025-03-29T13:04:22,22,20.110825,NA,NA,NA,NA
2025-03-29T13:04:22,22,NA,NA,44165.729978,NA,NA
2025-03-29T13:04:22,22,NA,NA,NA,5.796350,NA
2025-03-29T13:04:22,22,NA,NA,NA,NA,0.000995
2025-03-29T13:04:38,57,17.507557,NA,NA,NA,NA
2025-03-29T13:04:38,57,NA,NA,52943.581684,NA,NA
2025-03-29T13:04:38,57,NA,NA,NA,4.835336,NA
2025-03-29T13:04:38,57,NA,NA,NA,NA,0.000968
2025-03-29T13:05:07,23,21.251205,NA,NA,NA,NA
2025-03-29T13:05:07,23,NA,NA,46045.465057,NA,NA
2025-03-29T13:05:07,23,NA,NA,NA,5.559722,NA
2025-03-29T13:05:07,23,NA,NA,NA,NA,0.000995
2025-03-29T13:05:31,58,17.371471,NA,NA,NA,NA
2025-03-29T13:05:31,58,NA,NA,54408.849748,NA,NA
2025-03-29T13:05:31,58,NA,NA,NA,4.705117,NA
2025-03-29T13:05:31,58,NA,NA,NA,NA,0.000967
2025-03-29T13:05:51,24,20.481640,NA,NA,NA,NA
2025-03-29T13:05:51,24,NA,NA,45018.918988,NA,NA
2025-03-29T13:05:51,24,NA,NA,NA,5.686498,NA
2025-03-29T13:05:51,24,NA,NA,NA,NA,0.000994
2025-03-29T13:06:20,59,19.001143,NA,NA,NA,NA
2025-03-29T13:06:20,59,NA,NA,50556.225568,NA,NA
2025-03-29T13:06:20,59,NA,NA,NA,5.063669,NA
2025-03-29T13:06:20,59,NA,NA,NA,NA,0.000966
2025-03-29T13:06:32,25,21.055382,NA,NA,NA,NA
2025-03-29T13:06:32,25,NA,NA,41951.330636,NA,NA
2025-03-29T13:06:32,25,NA,NA,NA,6.102309,NA
2025-03-29T13:06:32,25,NA,NA,NA,NA,0.000994
2025-03-29T13:07:14,26,20.019390,NA,NA,NA,NA
2025-03-29T13:07:14,26,NA,NA,42659.724969,NA,NA
2025-03-29T13:07:14,26,NA,NA,NA,6.000977,NA
2025-03-29T13:07:14,26,NA,NA,NA,NA,0.000993
2025-03-29T13:07:30,60,NA,17.199997,NA,NA,NA
2025-03-29T13:07:56,27,21.032887,NA,NA,NA,NA
2025-03-29T13:07:56,27,NA,NA,43100.129305,NA,NA
2025-03-29T13:07:56,27,NA,NA,NA,5.939657,NA
2025-03-29T13:07:56,27,NA,NA,NA,NA,0.000993
2025-03-29T13:08:39,28,21.870850,NA,NA,NA,NA
2025-03-29T13:08:39,28,NA,NA,43629.950547,NA,NA
2025-03-29T13:08:39,28,NA,NA,NA,5.867529,NA
2025-03-29T13:08:39,28,NA,NA,NA,NA,0.000992
2025-03-29T13:17:14,60,19.229422,NA,NA,NA,NA
2025-03-29T13:17:14,60,NA,NA,28070.582839,NA,NA
2025-03-29T13:17:14,60,NA,NA,NA,9.119867,NA
2025-03-29T13:17:14,60,NA,NA,NA,NA,0.000965
2025-03-29T13:17:42,61,16.567690,NA,NA,NA,NA
2025-03-29T13:17:42,61,NA,NA,27895.520038,NA,NA
2025-03-29T13:17:42,61,NA,NA,NA,9.177101,NA
2025-03-29T13:17:42,61,NA,NA,NA,NA,0.000964
2025-03-29T13:18:09,62,19.505859,NA,NA,NA,NA
2025-03-29T13:18:09,62,NA,NA,27795.427951,NA,NA
2025-03-29T13:18:09,62,NA,NA,NA,9.210148,NA
2025-03-29T13:18:09,62,NA,NA,NA,NA,0.000963
2025-03-29T13:18:36,63,18.022778,NA,NA,NA,NA
2025-03-29T13:18:36,63,NA,NA,27896.667808,NA,NA
2025-03-29T13:18:36,63,NA,NA,NA,9.176723,NA
2025-03-29T13:18:36,63,NA,NA,NA,NA,0.000961
2025-03-29T13:19:03,64,18.202957,NA,NA,NA,NA
2025-03-29T13:19:03,64,NA,NA,27859.230369,NA,NA
2025-03-29T13:19:03,64,NA,NA,NA,9.189055,NA
2025-03-29T13:19:03,64,NA,NA,NA,NA,0.000960
2025-03-29T13:19:30,65,18.540632,NA,NA,NA,NA
2025-03-29T13:19:30,65,NA,NA,27808.246586,NA,NA
2025-03-29T13:19:30,65,NA,NA,NA,9.205902,NA
2025-03-29T13:19:30,65,NA,NA,NA,NA,0.000959
2025-03-29T13:19:58,66,16.857004,NA,NA,NA,NA
2025-03-29T13:19:58,66,NA,NA,27959.232621,NA,NA
2025-03-29T13:19:58,66,NA,NA,NA,9.156188,NA
2025-03-29T13:19:58,66,NA,NA,NA,NA,0.000958
2025-03-29T13:20:25,67,17.651691,NA,NA,NA,NA
2025-03-29T13:20:25,67,NA,NA,27842.185764,NA,NA
2025-03-29T13:20:25,67,NA,NA,NA,9.194680,NA
2025-03-29T13:20:25,67,NA,NA,NA,NA,0.000956
2025-03-29T13:20:52,68,18.330254,NA,NA,NA,NA
2025-03-29T13:20:52,68,NA,NA,27746.095334,NA,NA
2025-03-29T13:20:52,68,NA,NA,NA,9.226523,NA
2025-03-29T13:20:52,68,NA,NA,NA,NA,0.000955
2025-03-29T13:21:19,69,19.163088,NA,NA,NA,NA
2025-03-29T13:21:19,69,NA,NA,28011.962073,NA,NA
2025-03-29T13:21:19,69,NA,NA,NA,9.138953,NA
2025-03-29T13:21:19,69,NA,NA,NA,NA,0.000954
2025-03-29T13:21:59,70,NA,17.000000,NA,NA,NA
2025-03-29T13:22:26,70,18.253450,NA,NA,NA,NA
2025-03-29T13:22:26,70,NA,NA,27830.122691,NA,NA
2025-03-29T13:22:26,70,NA,NA,NA,9.198666,NA
2025-03-29T13:22:26,70,NA,NA,NA,NA,0.000952
2025-03-29T13:22:53,71,18.207478,NA,NA,NA,NA
2025-03-29T13:22:53,71,NA,NA,27785.315462,NA,NA
2025-03-29T13:22:53,71,NA,NA,NA,9.213500,NA
2025-03-29T13:22:53,71,NA,NA,NA,NA,0.000951
2025-03-29T13:23:20,72,16.916000,NA,NA,NA,NA
2025-03-29T13:23:20,72,NA,NA,27736.269029,NA,NA
2025-03-29T13:23:20,72,NA,NA,NA,9.229793,NA
2025-03-29T13:23:20,72,NA,NA,NA,NA,0.000950
2025-03-29T13:23:47,73,18.582907,NA,NA,NA,NA
2025-03-29T13:23:47,73,NA,NA,27850.093245,NA,NA
2025-03-29T13:23:47,73,NA,NA,NA,9.192070,NA
2025-03-29T13:23:47,73,NA,NA,NA,NA,0.000948
2025-03-29T13:24:14,74,19.272429,NA,NA,NA,NA
2025-03-29T13:24:14,74,NA,NA,27899.424016,NA,NA
2025-03-29T13:24:14,74,NA,NA,NA,9.175817,NA
2025-03-29T13:24:14,74,NA,NA,NA,NA,0.000947
2025-03-29T13:24:41,75,19.032013,NA,NA,NA,NA
2025-03-29T13:24:41,75,NA,NA,27906.990899,NA,NA
2025-03-29T13:24:41,75,NA,NA,NA,9.173328,NA
2025-03-29T13:24:41,75,NA,NA,NA,NA,0.000946
2025-03-29T13:25:09,76,18.341911,NA,NA,NA,NA
2025-03-29T13:25:09,76,NA,NA,27914.595920,NA,NA
2025-03-29T13:25:09,76,NA,NA,NA,9.170830,NA
2025-03-29T13:25:09,76,NA,NA,NA,NA,0.000944
2025-03-29T13:25:37,77,17.766483,NA,NA,NA,NA
2025-03-29T13:25:37,77,NA,NA,28346.723193,NA,NA
2025-03-29T13:25:37,77,NA,NA,NA,9.031026,NA
2025-03-29T13:25:37,77,NA,NA,NA,NA,0.000943
2025-03-29T13:26:05,78,19.074480,NA,NA,NA,NA
2025-03-29T13:26:05,78,NA,NA,29267.803818,NA,NA
2025-03-29T13:26:05,78,NA,NA,NA,8.746813,NA
2025-03-29T13:26:05,78,NA,NA,NA,NA,0.000941
2025-03-29T13:26:34,79,18.417597,NA,NA,NA,NA
2025-03-29T13:26:34,79,NA,NA,29330.370718,NA,NA
2025-03-29T13:26:34,79,NA,NA,NA,8.728154,NA
2025-03-29T13:26:34,79,NA,NA,NA,NA,0.000940
2025-03-29T13:27:15,80,NA,17.599991,NA,NA,NA
2025-03-29T13:36:20,80,18.024446,NA,NA,NA,NA
2025-03-29T13:36:20,80,NA,NA,29376.769598,NA,NA
2025-03-29T13:36:20,80,NA,NA,NA,8.714369,NA
2025-03-29T13:36:20,80,NA,NA,NA,NA,0.000938
2025-03-29T13:36:48,81,18.221909,NA,NA,NA,NA
2025-03-29T13:36:48,81,NA,NA,28925.993294,NA,NA
2025-03-29T13:36:48,81,NA,NA,NA,8.850171,NA
2025-03-29T13:36:48,81,NA,NA,NA,NA,0.000937
2025-03-29T13:37:17,82,18.320637,NA,NA,NA,NA
2025-03-29T13:37:17,82,NA,NA,28800.687092,NA,NA
2025-03-29T13:37:17,82,NA,NA,NA,8.888677,NA
2025-03-29T13:37:17,82,NA,NA,NA,NA,0.000935
2025-03-29T13:37:45,83,19.310266,NA,NA,NA,NA
2025-03-29T13:37:45,83,NA,NA,28998.276987,NA,NA
2025-03-29T13:37:45,83,NA,NA,NA,8.828111,NA
2025-03-29T13:37:45,83,NA,NA,NA,NA,0.000934
2025-03-29T13:38:13,84,18.300838,NA,NA,NA,NA
2025-03-29T13:38:13,84,NA,NA,28749.318859,NA,NA
2025-03-29T13:38:13,84,NA,NA,NA,8.904559,NA
2025-03-29T13:38:13,84,NA,NA,NA,NA,0.000932
2025-03-29T13:38:41,85,18.214361,NA,NA,NA,NA
2025-03-29T13:38:41,85,NA,NA,28817.574214,NA,NA
2025-03-29T13:38:41,85,NA,NA,NA,8.883468,NA
2025-03-29T13:38:41,85,NA,NA,NA,NA,0.000930
2025-03-29T13:39:09,86,19.160591,NA,NA,NA,NA
2025-03-29T13:39:09,86,NA,NA,28933.468184,NA,NA
2025-03-29T13:39:09,86,NA,NA,NA,8.847885,NA
2025-03-29T13:39:09,86,NA,NA,NA,NA,0.000929
2025-03-29T13:39:38,87,17.781830,NA,NA,NA,NA
2025-03-29T13:39:38,87,NA,NA,28943.524645,NA,NA
2025-03-29T13:39:38,87,NA,NA,NA,8.844810,NA
2025-03-29T13:39:38,87,NA,NA,NA,NA,0.000927
2025-03-29T13:40:06,88,17.433937,NA,NA,NA,NA
2025-03-29T13:40:06,88,NA,NA,28929.887744,NA,NA
2025-03-29T13:40:06,88,NA,NA,NA,8.848980,NA
2025-03-29T13:40:06,88,NA,NA,NA,NA,0.000925
2025-03-29T13:40:34,89,17.602703,NA,NA,NA,NA
2025-03-29T13:40:34,89,NA,NA,28806.750418,NA,NA
2025-03-29T13:40:34,89,NA,NA,NA,8.886806,NA
2025-03-29T13:40:34,89,NA,NA,NA,NA,0.000924
2025-03-29T13:41:15,90,NA,18.399994,NA,NA,NA
2025-03-29T13:41:43,90,17.229328,NA,NA,NA,NA
2025-03-29T13:41:43,90,NA,NA,29008.237858,NA,NA
2025-03-29T13:41:43,90,NA,NA,NA,8.825079,NA
2025-03-29T13:41:43,90,NA,NA,NA,NA,0.000922
2025-03-29T13:42:11,91,17.967190,NA,NA,NA,NA
2025-03-29T13:42:11,91,NA,NA,29175.485396,NA,NA
2025-03-29T13:42:11,91,NA,NA,NA,8.774489,NA
2025-03-29T13:42:11,91,NA,NA,NA,NA,0.000920
2025-03-29T13:42:40,92,18.207947,NA,NA,NA,NA
2025-03-29T13:42:40,92,NA,NA,29335.201695,NA,NA
2025-03-29T13:42:40,92,NA,NA,NA,8.726717,NA
2025-03-29T13:42:40,92,NA,NA,NA,NA,0.000919
2025-03-29T13:43:09,93,16.939945,NA,NA,NA,NA
2025-03-29T13:43:09,93,NA,NA,29181.190638,NA,NA
2025-03-29T13:43:09,93,NA,NA,NA,8.772775,NA
2025-03-29T13:43:09,93,NA,NA,NA,NA,0.000917
2025-03-29T13:43:37,94,17.061415,NA,NA,NA,NA
2025-03-29T13:43:37,94,NA,NA,29029.003676,NA,NA
2025-03-29T13:43:37,94,NA,NA,NA,8.818767,NA
2025-03-29T13:43:37,94,NA,NA,NA,NA,0.000915
2025-03-29T13:44:06,95,17.308865,NA,NA,NA,NA
2025-03-29T13:44:06,95,NA,NA,29085.520641,NA,NA
2025-03-29T13:44:06,95,NA,NA,NA,8.801630,NA
2025-03-29T13:44:06,95,NA,NA,NA,NA,0.000914
2025-03-29T13:44:34,96,16.818933,NA,NA,NA,NA
2025-03-29T13:44:34,96,NA,NA,29063.577650,NA,NA
2025-03-29T13:44:34,96,NA,NA,NA,8.808275,NA
2025-03-29T13:44:34,96,NA,NA,NA,NA,0.000912
2025-03-29T13:45:02,97,18.479294,NA,NA,NA,NA
2025-03-29T13:45:02,97,NA,NA,28988.101263,NA,NA
2025-03-29T13:45:02,97,NA,NA,NA,8.831210,NA
2025-03-29T13:45:02,97,NA,NA,NA,NA,0.000910
2025-03-29T13:45:31,98,17.052191,NA,NA,NA,NA
2025-03-29T13:45:31,98,NA,NA,29421.965904,NA,NA
2025-03-29T13:45:31,98,NA,NA,NA,8.700982,NA
2025-03-29T13:45:31,98,NA,NA,NA,NA,0.000908
2025-03-29T13:45:59,99,18.549931,NA,NA,NA,NA
2025-03-29T13:45:59,99,NA,NA,28850.160363,NA,NA
2025-03-29T13:45:59,99,NA,NA,NA,8.873434,NA
2025-03-29T13:45:59,99,NA,NA,NA,NA,0.000906
2025-03-29T13:46:41,100,NA,18.199997,NA,NA,NA
2025-03-29T13:55:41,100,18.255074,NA,NA,NA,NA
2025-03-29T13:55:41,100,NA,NA,28970.484113,NA,NA
2025-03-29T13:55:41,100,NA,NA,NA,8.836580,NA
2025-03-29T13:55:41,100,NA,NA,NA,NA,0.000905
2025-03-29T13:56:10,101,17.928579,NA,NA,NA,NA
2025-03-29T13:56:10,101,NA,NA,29015.219887,NA,NA
2025-03-29T13:56:10,101,NA,NA,NA,8.822956,NA
2025-03-29T13:56:10,101,NA,NA,NA,NA,0.000903
2025-03-29T13:56:38,102,18.359238,NA,NA,NA,NA
2025-03-29T13:56:38,102,NA,NA,28914.049186,NA,NA
2025-03-29T13:56:38,102,NA,NA,NA,8.853827,NA
2025-03-29T13:56:38,102,NA,NA,NA,NA,0.000901
2025-03-29T13:57:06,103,18.339840,NA,NA,NA,NA
2025-03-29T13:57:06,103,NA,NA,29108.660185,NA,NA
2025-03-29T13:57:06,103,NA,NA,NA,8.794634,NA
2025-03-29T13:57:06,103,NA,NA,NA,NA,0.000899
2025-03-29T13:57:35,104,17.940228,NA,NA,NA,NA
2025-03-29T13:57:35,104,NA,NA,29519.691270,NA,NA
2025-03-29T13:57:35,104,NA,NA,NA,8.672177,NA
2025-03-29T13:57:35,104,NA,NA,NA,NA,0.000897
2025-03-29T13:58:03,105,18.415047,NA,NA,NA,NA
2025-03-29T13:58:03,105,NA,NA,29115.568390,NA,NA
2025-03-29T13:58:03,105,NA,NA,NA,8.792547,NA
2025-03-29T13:58:03,105,NA,NA,NA,NA,0.000895
2025-03-29T13:58:31,106,17.823574,NA,NA,NA,NA
2025-03-29T13:58:31,106,NA,NA,29140.834902,NA,NA
2025-03-29T13:58:31,106,NA,NA,NA,8.784924,NA
2025-03-29T13:58:31,106,NA,NA,NA,NA,0.000893
2025-03-29T13:59:00,107,18.559254,NA,NA,NA,NA
2025-03-29T13:59:00,107,NA,NA,28993.232874,NA,NA
2025-03-29T13:59:00,107,NA,NA,NA,8.829647,NA
2025-03-29T13:59:00,107,NA,NA,NA,NA,0.000891
2025-03-29T13:59:28,108,19.086561,NA,NA,NA,NA
2025-03-29T13:59:28,108,NA,NA,28972.645321,NA,NA
2025-03-29T13:59:28,108,NA,NA,NA,8.835921,NA
2025-03-29T13:59:28,108,NA,NA,NA,NA,0.000889
2025-03-29T13:59:56,109,17.907129,NA,NA,NA,NA
2025-03-29T13:59:56,109,NA,NA,29024.135622,NA,NA
2025-03-29T13:59:56,109,NA,NA,NA,8.820246,NA
2025-03-29T13:59:56,109,NA,NA,NA,NA,0.000887
2025-03-29T14:00:38,110,NA,17.199997,NA,NA,NA
2025-03-29T14:01:06,110,17.263645,NA,NA,NA,NA
2025-03-29T14:01:06,110,NA,NA,28960.902652,NA,NA
2025-03-29T14:01:06,110,NA,NA,NA,8.839503,NA
2025-03-29T14:01:06,110,NA,NA,NA,NA,0.000885
2025-03-29T14:01:34,111,19.080061,NA,NA,NA,NA
2025-03-29T14:01:34,111,NA,NA,29228.811722,NA,NA
2025-03-29T14:01:34,111,NA,NA,NA,8.758481,NA
2025-03-29T14:01:34,111,NA,NA,NA,NA,0.000883
2025-03-29T14:02:03,112,18.728685,NA,NA,NA,NA
2025-03-29T14:02:03,112,NA,NA,29004.165949,NA,NA
2025-03-29T14:02:03,112,NA,NA,NA,8.826319,NA
2025-03-29T14:02:03,112,NA,NA,NA,NA,0.000881
2025-03-29T14:02:31,113,16.050241,NA,NA,NA,NA
2025-03-29T14:02:31,113,NA,NA,29043.422443,NA,NA
2025-03-29T14:02:31,113,NA,NA,NA,8.814388,NA
2025-03-29T14:02:31,113,NA,NA,NA,NA,0.000879
2025-03-29T14:02:59,114,18.762291,NA,NA,NA,NA
2025-03-29T14:02:59,114,NA,NA,28922.911711,NA,NA
2025-03-29T14:02:59,114,NA,NA,NA,8.851114,NA
2025-03-29T14:02:59,114,NA,NA,NA,NA,0.000877
2025-03-29T14:03:29,115,18.149910,NA,NA,NA,NA
2025-03-29T14:03:29,115,NA,NA,29834.125422,NA,NA
2025-03-29T14:03:29,115,NA,NA,NA,8.580778,NA
2025-03-29T14:03:29,115,NA,NA,NA,NA,0.000875
2025-03-29T14:03:57,116,17.777639,NA,NA,NA,NA
2025-03-29T14:03:57,116,NA,NA,28960.642405,NA,NA
2025-03-29T14:03:57,116,NA,NA,NA,8.839583,NA
2025-03-29T14:03:57,116,NA,NA,NA,NA,0.000873
2025-03-29T14:04:25,117,18.731138,NA,NA,NA,NA
2025-03-29T14:04:25,117,NA,NA,28835.394300,NA,NA
2025-03-29T14:04:25,117,NA,NA,NA,8.877978,NA
2025-03-29T14:04:25,117,NA,NA,NA,NA,0.000871
2025-03-29T14:04:53,118,18.365234,NA,NA,NA,NA
2025-03-29T14:04:53,118,NA,NA,28943.120104,NA,NA
2025-03-29T14:04:53,118,NA,NA,NA,8.844934,NA
2025-03-29T14:04:53,118,NA,NA,NA,NA,0.000869
2025-03-29T14:05:21,119,18.427832,NA,NA,NA,NA
2025-03-29T14:05:21,119,NA,NA,28815.439967,NA,NA
2025-03-29T14:05:21,119,NA,NA,NA,8.884126,NA
2025-03-29T14:05:21,119,NA,NA,NA,NA,0.000867
2025-03-29T14:06:02,120,NA,17.799988,NA,NA,NA
2025-03-29T14:15:06,120,18.795694,NA,NA,NA,NA
2025-03-29T14:15:06,120,NA,NA,29737.099840,NA,NA
2025-03-29T14:15:06,120,NA,NA,NA,8.608775,NA
2025-03-29T14:15:06,120,NA,NA,NA,NA,0.000864
2025-03-29T14:15:34,121,18.114368,NA,NA,NA,NA
2025-03-29T14:15:34,121,NA,NA,29059.753595,NA,NA
2025-03-29T14:15:34,121,NA,NA,NA,8.809435,NA
2025-03-29T14:15:34,121,NA,NA,NA,NA,0.000862
2025-03-29T14:16:03,122,17.832161,NA,NA,NA,NA
2025-03-29T14:16:03,122,NA,NA,28874.107938,NA,NA
2025-03-29T14:16:03,122,NA,NA,NA,8.866075,NA
2025-03-29T14:16:03,122,NA,NA,NA,NA,0.000860
2025-03-29T14:16:31,123,17.711781,NA,NA,NA,NA
2025-03-29T14:16:31,123,NA,NA,28973.229033,NA,NA
2025-03-29T14:16:31,123,NA,NA,NA,8.835743,NA
2025-03-29T14:16:31,123,NA,NA,NA,NA,0.000858
2025-03-29T14:16:59,124,19.308432,NA,NA,NA,NA
2025-03-29T14:16:59,124,NA,NA,28828.952595,NA,NA
2025-03-29T14:16:59,124,NA,NA,NA,8.879962,NA
2025-03-29T14:16:59,124,NA,NA,NA,NA,0.000856
2025-03-29T14:17:27,125,17.989824,NA,NA,NA,NA
2025-03-29T14:17:27,125,NA,NA,28904.415272,NA,NA
2025-03-29T14:17:27,125,NA,NA,NA,8.856778,NA
2025-03-29T14:17:27,125,NA,NA,NA,NA,0.000854
2025-03-29T14:17:55,126,17.385298,NA,NA,NA,NA
2025-03-29T14:17:55,126,NA,NA,28942.728305,NA,NA
2025-03-29T14:17:55,126,NA,NA,NA,8.845055,NA
2025-03-29T14:17:55,126,NA,NA,NA,NA,0.000851
2025-03-29T14:18:24,127,18.728233,NA,NA,NA,NA
2025-03-29T14:18:24,127,NA,NA,29988.024039,NA,NA
2025-03-29T14:18:24,127,NA,NA,NA,8.536741,NA
2025-03-29T14:18:24,127,NA,NA,NA,NA,0.000849
2025-03-29T14:18:52,128,17.738108,NA,NA,NA,NA
2025-03-29T14:18:52,128,NA,NA,28883.880321,NA,NA
2025-03-29T14:18:52,128,NA,NA,NA,8.863075,NA
2025-03-29T14:18:52,128,NA,NA,NA,NA,0.000847
2025-03-29T14:19:20,129,17.305012,NA,NA,NA,NA
2025-03-29T14:19:20,129,NA,NA,28892.500346,NA,NA
2025-03-29T14:19:20,129,NA,NA,NA,8.860431,NA
2025-03-29T14:19:20,129,NA,NA,NA,NA,0.000845
2025-03-29T14:20:01,130,NA,17.599991,NA,NA,NA
2025-03-29T14:20:29,130,18.293547,NA,NA,NA,NA
2025-03-29T14:20:29,130,NA,NA,28880.947227,NA,NA
2025-03-29T14:20:29,130,NA,NA,NA,8.863976,NA
2025-03-29T14:20:29,130,NA,NA,NA,NA,0.000842
2025-03-29T14:20:57,131,17.883165,NA,NA,NA,NA
2025-03-29T14:20:57,131,NA,NA,28904.155609,NA,NA
2025-03-29T14:20:57,131,NA,NA,NA,8.856858,NA
2025-03-29T14:20:57,131,NA,NA,NA,NA,0.000840
2025-03-29T14:21:25,132,18.478882,NA,NA,NA,NA
2025-03-29T14:21:25,132,NA,NA,28807.751940,NA,NA
2025-03-29T14:21:25,132,NA,NA,NA,8.886497,NA
2025-03-29T14:21:25,132,NA,NA,NA,NA,0.000838
2025-03-29T14:21:54,133,19.009136,NA,NA,NA,NA
2025-03-29T14:21:54,133,NA,NA,29140.714736,NA,NA
2025-03-29T14:21:54,133,NA,NA,NA,8.784960,NA
2025-03-29T14:21:54,133,NA,NA,NA,NA,0.000835
2025-03-29T14:22:22,134,18.961184,NA,NA,NA,NA
2025-03-29T14:22:22,134,NA,NA,28226.403540,NA,NA
2025-03-29T14:22:22,134,NA,NA,NA,9.069523,NA
2025-03-29T14:22:22,134,NA,NA,NA,NA,0.000833
2025-03-29T14:22:49,135,18.559097,NA,NA,NA,NA
2025-03-29T14:22:49,135,NA,NA,27857.363760,NA,NA
2025-03-29T14:22:49,135,NA,NA,NA,9.189671,NA
2025-03-29T14:22:49,135,NA,NA,NA,NA,0.000831
2025-03-29T14:23:18,136,18.492031,NA,NA,NA,NA
2025-03-29T14:23:18,136,NA,NA,29700.522239,NA,NA
2025-03-29T14:23:18,136,NA,NA,NA,8.619377,NA
2025-03-29T14:23:18,136,NA,NA,NA,NA,0.000828
2025-03-29T14:23:45,137,17.220402,NA,NA,NA,NA
2025-03-29T14:23:45,137,NA,NA,27842.082132,NA,NA
2025-03-29T14:23:45,137,NA,NA,NA,9.194715,NA
2025-03-29T14:23:45,137,NA,NA,NA,NA,0.000826
2025-03-29T14:24:12,138,19.271372,NA,NA,NA,NA
2025-03-29T14:24:12,138,NA,NA,28055.875187,NA,NA
2025-03-29T14:24:12,138,NA,NA,NA,9.124648,NA
2025-03-29T14:24:12,138,NA,NA,NA,NA,0.000824
2025-03-29T14:24:39,139,18.041710,NA,NA,NA,NA
2025-03-29T14:24:39,139,NA,NA,27835.147704,NA,NA
2025-03-29T14:24:39,139,NA,NA,NA,9.197005,NA
2025-03-29T14:24:39,139,NA,NA,NA,NA,0.000821
2025-03-29T14:25:18,140,NA,18.199997,NA,NA,NA
2025-03-29T14:34:01,140,18.693872,NA,NA,NA,NA
2025-03-29T14:34:01,140,NA,NA,27767.180804,NA,NA
2025-03-29T14:34:01,140,NA,NA,NA,9.219517,NA
2025-03-29T14:34:01,140,NA,NA,NA,NA,0.000819
2025-03-29T14:34:28,141,17.951445,NA,NA,NA,NA
2025-03-29T14:34:28,141,NA,NA,27710.697298,NA,NA
2025-03-29T14:34:28,141,NA,NA,NA,9.238310,NA
2025-03-29T14:34:28,141,NA,NA,NA,NA,0.000816
2025-03-29T14:34:55,142,17.951645,NA,NA,NA,NA
2025-03-29T14:34:55,142,NA,NA,27733.247770,NA,NA
2025-03-29T14:34:55,142,NA,NA,NA,9.230798,NA
2025-03-29T14:34:55,142,NA,NA,NA,NA,0.000814
2025-03-29T14:35:22,143,18.155209,NA,NA,NA,NA
2025-03-29T14:35:22,143,NA,NA,27746.318794,NA,NA
2025-03-29T14:35:22,143,NA,NA,NA,9.226449,NA
2025-03-29T14:35:22,143,NA,NA,NA,NA,0.000811
2025-03-29T14:35:49,144,18.102774,NA,NA,NA,NA
2025-03-29T14:35:49,144,NA,NA,27778.114451,NA,NA
2025-03-29T14:35:49,144,NA,NA,NA,9.215888,NA
2025-03-29T14:35:49,144,NA,NA,NA,NA,0.000809
2025-03-29T14:36:16,145,17.711418,NA,NA,NA,NA
2025-03-29T14:36:16,145,NA,NA,27804.488698,NA,NA
2025-03-29T14:36:16,145,NA,NA,NA,9.207147,NA
2025-03-29T14:36:16,145,NA,NA,NA,NA,0.000806
2025-03-29T14:36:43,146,18.385929,NA,NA,NA,NA
2025-03-29T14:36:43,146,NA,NA,27764.489813,NA,NA
2025-03-29T14:36:43,146,NA,NA,NA,9.220410,NA
2025-03-29T14:36:43,146,NA,NA,NA,NA,0.000804
2025-03-29T14:37:10,147,18.107206,NA,NA,NA,NA
2025-03-29T14:37:10,147,NA,NA,27816.847817,NA,NA
2025-03-29T14:37:10,147,NA,NA,NA,9.203055,NA
2025-03-29T14:37:10,147,NA,NA,NA,NA,0.000801
2025-03-29T14:37:38,148,18.615038,NA,NA,NA,NA
2025-03-29T14:37:38,148,NA,NA,28515.986966,NA,NA
2025-03-29T14:37:38,148,NA,NA,NA,8.977420,NA
2025-03-29T14:37:38,148,NA,NA,NA,NA,0.000799
2025-03-29T14:38:06,149,18.616810,NA,NA,NA,NA
2025-03-29T14:38:06,149,NA,NA,27948.870692,NA,NA
2025-03-29T14:38:06,149,NA,NA,NA,9.159583,NA
2025-03-29T14:38:06,149,NA,NA,NA,NA,0.000796
2025-03-29T14:38:44,150,NA,17.399994,NA,NA,NA
2025-03-29T14:39:11,150,17.616554,NA,NA,NA,NA
2025-03-29T14:39:11,150,NA,NA,27718.467052,NA,NA
2025-03-29T14:39:11,150,NA,NA,NA,9.235720,NA
2025-03-29T14:39:11,150,NA,NA,NA,NA,0.000794
2025-03-29T14:39:39,151,16.902035,NA,NA,NA,NA
2025-03-29T14:39:39,151,NA,NA,27773.059748,NA,NA
2025-03-29T14:39:39,151,NA,NA,NA,9.217566,NA
2025-03-29T14:39:39,151,NA,NA,NA,NA,0.000791
2025-03-29T14:40:06,152,16.327085,NA,NA,NA,NA
2025-03-29T14:40:06,152,NA,NA,27825.552163,NA,NA
2025-03-29T14:40:06,152,NA,NA,NA,9.200177,NA
2025-03-29T14:40:06,152,NA,NA,NA,NA,0.000789
2025-03-29T14:40:33,153,18.006235,NA,NA,NA,NA
2025-03-29T14:40:33,153,NA,NA,27925.379593,NA,NA
2025-03-29T14:40:33,153,NA,NA,NA,9.167288,NA
2025-03-29T14:40:33,153,NA,NA,NA,NA,0.000786
2025-03-29T14:41:00,154,17.779921,NA,NA,NA,NA
2025-03-29T14:41:00,154,NA,NA,28038.464090,NA,NA
2025-03-29T14:41:00,154,NA,NA,NA,9.130315,NA
2025-03-29T14:41:00,154,NA,NA,NA,NA,0.000784
2025-03-29T14:41:28,155,19.240051,NA,NA,NA,NA
2025-03-29T14:41:28,155,NA,NA,28123.192304,NA,NA
2025-03-29T14:41:28,155,NA,NA,NA,9.102807,NA
2025-03-29T14:41:28,155,NA,NA,NA,NA,0.000781
2025-03-29T14:41:55,156,17.158030,NA,NA,NA,NA
2025-03-29T14:41:55,156,NA,NA,27826.490567,NA,NA
2025-03-29T14:41:55,156,NA,NA,NA,9.199866,NA
2025-03-29T14:41:55,156,NA,NA,NA,NA,0.000778
2025-03-29T14:42:22,157,18.320848,NA,NA,NA,NA
2025-03-29T14:42:22,157,NA,NA,27873.967261,NA,NA
2025-03-29T14:42:22,157,NA,NA,NA,9.184196,NA
2025-03-29T14:42:22,157,NA,NA,NA,NA,0.000776
2025-03-29T14:42:49,158,18.605902,NA,NA,NA,NA
2025-03-29T14:42:49,158,NA,NA,28209.859261,NA,NA
2025-03-29T14:42:49,158,NA,NA,NA,9.074841,NA
2025-03-29T14:42:49,158,NA,NA,NA,NA,0.000773
2025-03-29T14:43:17,159,17.372686,NA,NA,NA,NA
2025-03-29T14:43:17,159,NA,NA,28024.192822,NA,NA
2025-03-29T14:43:17,159,NA,NA,NA,9.134964,NA
2025-03-29T14:43:17,159,NA,NA,NA,NA,0.000771
2025-03-29T14:43:56,160,NA,17.000000,NA,NA,NA
2025-03-29T14:52:37,160,18.854166,NA,NA,NA,NA
2025-03-29T14:52:37,160,NA,NA,28553.167115,NA,NA
2025-03-29T14:52:37,160,NA,NA,NA,8.965731,NA
2025-03-29T14:52:37,160,NA,NA,NA,NA,0.000768
2025-03-29T14:53:04,161,18.946579,NA,NA,NA,NA
2025-03-29T14:53:04,161,NA,NA,28150.339356,NA,NA
2025-03-29T14:53:04,161,NA,NA,NA,9.094028,NA
2025-03-29T14:53:04,161,NA,NA,NA,NA,0.000765
2025-03-29T14:53:32,162,16.005510,NA,NA,NA,NA
2025-03-29T14:53:32,162,NA,NA,27803.323024,NA,NA
2025-03-29T14:53:32,162,NA,NA,NA,9.207533,NA
2025-03-29T14:53:32,162,NA,NA,NA,NA,0.000763
2025-03-29T14:53:59,163,19.502483,NA,NA,NA,NA
2025-03-29T14:53:59,163,NA,NA,27679.349660,NA,NA
2025-03-29T14:53:59,163,NA,NA,NA,9.248773,NA
2025-03-29T14:53:59,163,NA,NA,NA,NA,0.000760
2025-03-29T14:54:26,164,18.100227,NA,NA,NA,NA
2025-03-29T14:54:26,164,NA,NA,27732.444516,NA,NA
2025-03-29T14:54:26,164,NA,NA,NA,9.231065,NA
2025-03-29T14:54:26,164,NA,NA,NA,NA,0.000757
2025-03-29T14:54:53,165,18.300507,NA,NA,NA,NA
2025-03-29T14:54:53,165,NA,NA,27875.045267,NA,NA
2025-03-29T14:54:53,165,NA,NA,NA,9.183842,NA
2025-03-29T14:54:53,165,NA,NA,NA,NA,0.000755
2025-03-29T14:55:20,166,17.825687,NA,NA,NA,NA
2025-03-29T14:55:20,166,NA,NA,28123.960764,NA,NA
2025-03-29T14:55:20,166,NA,NA,NA,9.102558,NA
2025-03-29T14:55:20,166,NA,NA,NA,NA,0.000752
2025-03-29T14:55:47,167,17.979706,NA,NA,NA,NA
2025-03-29T14:55:47,167,NA,NA,27919.735966,NA,NA
2025-03-29T14:55:47,167,NA,NA,NA,9.169141,NA
2025-03-29T14:55:47,167,NA,NA,NA,NA,0.000749
2025-03-29T14:56:14,168,17.874754,NA,NA,NA,NA
2025-03-29T14:56:14,168,NA,NA,28001.861378,NA,NA
2025-03-29T14:56:14,168,NA,NA,NA,9.142249,NA
2025-03-29T14:56:14,168,NA,NA,NA,NA,0.000746
2025-03-29T14:56:41,169,17.857815,NA,NA,NA,NA
2025-03-29T14:56:41,169,NA,NA,27862.985545,NA,NA
2025-03-29T14:56:41,169,NA,NA,NA,9.187817,NA
2025-03-29T14:56:41,169,NA,NA,NA,NA,0.000744
2025-03-29T14:57:21,170,NA,17.000000,NA,NA,NA
2025-03-29T14:57:48,170,17.437870,NA,NA,NA,NA
2025-03-29T14:57:48,170,NA,NA,27976.894508,NA,NA
2025-03-29T14:57:48,170,NA,NA,NA,9.150408,NA
2025-03-29T14:57:48,170,NA,NA,NA,NA,0.000741
2025-03-29T14:58:15,171,17.319412,NA,NA,NA,NA
2025-03-29T14:58:15,171,NA,NA,27905.393711,NA,NA
2025-03-29T14:58:15,171,NA,NA,NA,9.173854,NA
2025-03-29T14:58:15,171,NA,NA,NA,NA,0.000738
2025-03-29T14:58:43,172,18.266214,NA,NA,NA,NA
2025-03-29T14:58:43,172,NA,NA,27854.819170,NA,NA
2025-03-29T14:58:43,172,NA,NA,NA,9.190510,NA
2025-03-29T14:58:43,172,NA,NA,NA,NA,0.000735
2025-03-29T14:59:10,173,18.246473,NA,NA,NA,NA
2025-03-29T14:59:10,173,NA,NA,27836.335002,NA,NA
2025-03-29T14:59:10,173,NA,NA,NA,9.196613,NA
2025-03-29T14:59:10,173,NA,NA,NA,NA,0.000733
2025-03-29T14:59:37,174,16.602364,NA,NA,NA,NA
2025-03-29T14:59:37,174,NA,NA,27758.752415,NA,NA
2025-03-29T14:59:37,174,NA,NA,NA,9.222317,NA
2025-03-29T14:59:37,174,NA,NA,NA,NA,0.000730
2025-03-29T15:00:04,175,18.459133,NA,NA,NA,NA
2025-03-29T15:00:04,175,NA,NA,28040.296659,NA,NA
2025-03-29T15:00:04,175,NA,NA,NA,9.129718,NA
2025-03-29T15:00:04,175,NA,NA,NA,NA,0.000727
2025-03-29T15:00:31,176,18.322969,NA,NA,NA,NA
2025-03-29T15:00:31,176,NA,NA,28033.141335,NA,NA
2025-03-29T15:00:31,176,NA,NA,NA,9.132049,NA
2025-03-29T15:00:31,176,NA,NA,NA,NA,0.000724
2025-03-29T15:00:58,177,19.101604,NA,NA,NA,NA
2025-03-29T15:00:58,177,NA,NA,27828.829594,NA,NA
2025-03-29T15:00:58,177,NA,NA,NA,9.199093,NA
2025-03-29T15:00:58,177,NA,NA,NA,NA,0.000721
2025-03-29T15:01:25,178,17.494551,NA,NA,NA,NA
2025-03-29T15:01:25,178,NA,NA,28019.095329,NA,NA
2025-03-29T15:01:25,178,NA,NA,NA,9.136626,NA
2025-03-29T15:01:25,178,NA,NA,NA,NA,0.000719
2025-03-29T15:01:53,179,17.356564,NA,NA,NA,NA
2025-03-29T15:01:53,179,NA,NA,27858.487468,NA,NA
2025-03-29T15:01:53,179,NA,NA,NA,9.189300,NA
2025-03-29T15:01:53,179,NA,NA,NA,NA,0.000716
2025-03-29T15:02:32,180,NA,17.399994,NA,NA,NA
2025-03-29T15:11:23,180,19.104002,NA,NA,NA,NA
2025-03-29T15:11:23,180,NA,NA,28646.380112,NA,NA
2025-03-29T15:11:23,180,NA,NA,NA,8.936557,NA
2025-03-29T15:11:23,180,NA,NA,NA,NA,0.000713
2025-03-29T15:11:51,181,18.660961,NA,NA,NA,NA
2025-03-29T15:11:51,181,NA,NA,28506.934245,NA,NA
2025-03-29T15:11:51,181,NA,NA,NA,8.980271,NA
2025-03-29T15:11:51,181,NA,NA,NA,NA,0.000710
2025-03-29T15:12:19,182,17.945784,NA,NA,NA,NA
2025-03-29T15:12:19,182,NA,NA,28485.160679,NA,NA
2025-03-29T15:12:19,182,NA,NA,NA,8.987136,NA
2025-03-29T15:12:19,182,NA,NA,NA,NA,0.000707
2025-03-29T15:12:47,183,19.349937,NA,NA,NA,NA
2025-03-29T15:12:47,183,NA,NA,28783.838576,NA,NA
2025-03-29T15:12:47,183,NA,NA,NA,8.893880,NA
2025-03-29T15:12:47,183,NA,NA,NA,NA,0.000704
2025-03-29T15:13:14,184,17.903938,NA,NA,NA,NA
2025-03-29T15:13:14,184,NA,NA,28317.316526,NA,NA
2025-03-29T15:13:14,184,NA,NA,NA,9.040404,NA
2025-03-29T15:13:14,184,NA,NA,NA,NA,0.000701
2025-03-29T15:13:42,185,16.939125,NA,NA,NA,NA
2025-03-29T15:13:42,185,NA,NA,28253.812943,NA,NA
2025-03-29T15:13:42,185,NA,NA,NA,9.060724,NA
2025-03-29T15:13:42,185,NA,NA,NA,NA,0.000699
2025-03-29T15:14:09,186,17.598171,NA,NA,NA,NA
2025-03-29T15:14:09,186,NA,NA,27838.413276,NA,NA
2025-03-29T15:14:09,186,NA,NA,NA,9.195927,NA
2025-03-29T15:14:09,186,NA,NA,NA,NA,0.000696
2025-03-29T15:14:36,187,17.570351,NA,NA,NA,NA
2025-03-29T15:14:36,187,NA,NA,28024.780991,NA,NA
2025-03-29T15:14:36,187,NA,NA,NA,9.134772,NA
2025-03-29T15:14:36,187,NA,NA,NA,NA,0.000693
2025-03-29T15:15:03,188,18.332722,NA,NA,NA,NA
2025-03-29T15:15:03,188,NA,NA,28219.923045,NA,NA
2025-03-29T15:15:03,188,NA,NA,NA,9.071605,NA
2025-03-29T15:15:03,188,NA,NA,NA,NA,0.000690
2025-03-29T15:15:32,189,18.180382,NA,NA,NA,NA
2025-03-29T15:15:32,189,NA,NA,28284.130637,NA,NA
2025-03-29T15:15:32,189,NA,NA,NA,9.051012,NA
2025-03-29T15:15:32,189,NA,NA,NA,NA,0.000687
2025-03-29T15:16:10,190,NA,18.599991,NA,NA,NA
2025-03-29T15:16:38,190,17.539221,NA,NA,NA,NA
2025-03-29T15:16:38,190,NA,NA,28157.062035,NA,NA
2025-03-29T15:16:38,190,NA,NA,NA,9.091858,NA
2025-03-29T15:16:38,190,NA,NA,NA,NA,0.000684
2025-03-29T15:17:06,191,17.302650,NA,NA,NA,NA
2025-03-29T15:17:06,191,NA,NA,28092.474765,NA,NA
2025-03-29T15:17:06,191,NA,NA,NA,9.112761,NA
2025-03-29T15:17:06,191,NA,NA,NA,NA,0.000681
2025-03-29T15:17:33,192,17.566124,NA,NA,NA,NA
2025-03-29T15:17:33,192,NA,NA,28392.034194,NA,NA
2025-03-29T15:17:33,192,NA,NA,NA,9.016614,NA
2025-03-29T15:17:33,192,NA,NA,NA,NA,0.000678
2025-03-29T15:18:00,193,17.077457,NA,NA,NA,NA
2025-03-29T15:18:00,193,NA,NA,27989.191777,NA,NA
2025-03-29T15:18:00,193,NA,NA,NA,9.146388,NA
2025-03-29T15:18:00,193,NA,NA,NA,NA,0.000675
2025-03-29T15:18:28,194,17.192987,NA,NA,NA,NA
2025-03-29T15:18:28,194,NA,NA,28321.803994,NA,NA
2025-03-29T15:18:28,194,NA,NA,NA,9.038972,NA
2025-03-29T15:18:28,194,NA,NA,NA,NA,0.000672
2025-03-29T15:18:55,195,20.494387,NA,NA,NA,NA
2025-03-29T15:18:55,195,NA,NA,27827.369201,NA,NA
2025-03-29T15:18:55,195,NA,NA,NA,9.199576,NA
2025-03-29T15:18:55,195,NA,NA,NA,NA,0.000669
2025-03-29T15:19:22,196,18.472298,NA,NA,NA,NA
2025-03-29T15:19:22,196,NA,NA,27855.881938,NA,NA
2025-03-29T15:19:22,196,NA,NA,NA,9.190160,NA
2025-03-29T15:19:22,196,NA,NA,NA,NA,0.000666
2025-03-29T15:19:49,197,17.422647,NA,NA,NA,NA
2025-03-29T15:19:49,197,NA,NA,27821.473302,NA,NA
2025-03-29T15:19:49,197,NA,NA,NA,9.201526,NA
2025-03-29T15:19:49,197,NA,NA,NA,NA,0.000663
2025-03-29T15:20:16,198,18.290125,NA,NA,NA,NA
2025-03-29T15:20:16,198,NA,NA,27750.968536,NA,NA
2025-03-29T15:20:16,198,NA,NA,NA,9.224903,NA
2025-03-29T15:20:16,198,NA,NA,NA,NA,0.000660
2025-03-29T15:20:44,199,17.870209,NA,NA,NA,NA
2025-03-29T15:20:44,199,NA,NA,27854.562192,NA,NA
2025-03-29T15:20:44,199,NA,NA,NA,9.190595,NA
2025-03-29T15:20:44,199,NA,NA,NA,NA,0.000657
2025-03-29T15:21:22,200,NA,17.199997,NA,NA,NA
2025-03-29T15:30:27,200,18.361763,NA,NA,NA,NA
2025-03-29T15:30:27,200,NA,NA,29864.314773,NA,NA
2025-03-29T15:30:27,200,NA,NA,NA,8.572104,NA
2025-03-29T15:30:27,200,NA,NA,NA,NA,0.000655
2025-03-29T15:30:54,201,17.616915,NA,NA,NA,NA
2025-03-29T15:30:54,201,NA,NA,28517.471625,NA,NA
2025-03-29T15:30:54,201,NA,NA,NA,8.976953,NA
2025-03-29T15:30:54,201,NA,NA,NA,NA,0.000652
2025-03-29T15:31:22,202,18.098965,NA,NA,NA,NA
2025-03-29T15:31:22,202,NA,NA,29091.460947,NA,NA
2025-03-29T15:31:22,202,NA,NA,NA,8.799833,NA
2025-03-29T15:31:22,202,NA,NA,NA,NA,0.000649
2025-03-29T15:31:50,203,16.908892,NA,NA,NA,NA
2025-03-29T15:31:50,203,NA,NA,28613.138423,NA,NA
2025-03-29T15:31:50,203,NA,NA,NA,8.946939,NA
2025-03-29T15:31:50,203,NA,NA,NA,NA,0.000646
2025-03-29T15:32:18,204,19.174080,NA,NA,NA,NA
2025-03-29T15:32:18,204,NA,NA,28436.451738,NA,NA
2025-03-29T15:32:18,204,NA,NA,NA,9.002530,NA
2025-03-29T15:32:18,204,NA,NA,NA,NA,0.000643
2025-03-29T15:32:47,205,18.295897,NA,NA,NA,NA
2025-03-29T15:32:47,205,NA,NA,29073.842785,NA,NA
2025-03-29T15:32:47,205,NA,NA,NA,8.805165,NA
2025-03-29T15:32:47,205,NA,NA,NA,NA,0.000639
2025-03-29T15:33:15,206,19.134832,NA,NA,NA,NA
2025-03-29T15:33:15,206,NA,NA,29318.936850,NA,NA
2025-03-29T15:33:15,206,NA,NA,NA,8.731558,NA
2025-03-29T15:33:15,206,NA,NA,NA,NA,0.000636
2025-03-29T15:33:43,207,17.594358,NA,NA,NA,NA
2025-03-29T15:33:43,207,NA,NA,28897.889818,NA,NA
2025-03-29T15:33:43,207,NA,NA,NA,8.858778,NA
2025-03-29T15:33:43,207,NA,NA,NA,NA,0.000633
2025-03-29T15:34:11,208,17.362394,NA,NA,NA,NA
2025-03-29T15:34:11,208,NA,NA,28667.762482,NA,NA
2025-03-29T15:34:11,208,NA,NA,NA,8.929892,NA
2025-03-29T15:34:11,208,NA,NA,NA,NA,0.000630
2025-03-29T15:34:39,209,17.960871,NA,NA,NA,NA
2025-03-29T15:34:39,209,NA,NA,28379.970100,NA,NA
2025-03-29T15:34:39,209,NA,NA,NA,9.020447,NA
2025-03-29T15:34:39,209,NA,NA,NA,NA,0.000627
2025-03-29T15:35:19,210,NA,17.399994,NA,NA,NA
2025-03-29T15:35:48,210,17.881365,NA,NA,NA,NA
2025-03-29T15:35:48,210,NA,NA,29627.225369,NA,NA
2025-03-29T15:35:48,210,NA,NA,NA,8.640701,NA
2025-03-29T15:35:48,210,NA,NA,NA,NA,0.000624
2025-03-29T15:36:16,211,18.159721,NA,NA,NA,NA
2025-03-29T15:36:16,211,NA,NA,28868.500827,NA,NA
2025-03-29T15:36:16,211,NA,NA,NA,8.867797,NA
2025-03-29T15:36:16,211,NA,NA,NA,NA,0.000621
2025-03-29T15:36:43,212,18.604765,NA,NA,NA,NA
2025-03-29T15:36:43,212,NA,NA,28659.809341,NA,NA
2025-03-29T15:36:43,212,NA,NA,NA,8.932369,NA
2025-03-29T15:36:43,212,NA,NA,NA,NA,0.000618
2025-03-29T15:37:11,213,17.239525,NA,NA,NA,NA
2025-03-29T15:37:11,213,NA,NA,28796.112729,NA,NA
2025-03-29T15:37:11,213,NA,NA,NA,8.890089,NA
2025-03-29T15:37:11,213,NA,NA,NA,NA,0.000615
2025-03-29T15:37:39,214,18.024464,NA,NA,NA,NA
2025-03-29T15:37:39,214,NA,NA,28321.192717,NA,NA
2025-03-29T15:37:39,214,NA,NA,NA,9.039167,NA
2025-03-29T15:37:39,214,NA,NA,NA,NA,0.000612
2025-03-29T15:38:07,215,18.829483,NA,NA,NA,NA
2025-03-29T15:38:07,215,NA,NA,28661.390812,NA,NA
2025-03-29T15:38:07,215,NA,NA,NA,8.931876,NA
2025-03-29T15:38:07,215,NA,NA,NA,NA,0.000609
2025-03-29T15:38:34,216,18.241825,NA,NA,NA,NA
2025-03-29T15:38:34,216,NA,NA,28501.534476,NA,NA
2025-03-29T15:38:34,216,NA,NA,NA,8.981973,NA
2025-03-29T15:38:34,216,NA,NA,NA,NA,0.000606
2025-03-29T15:39:03,217,17.902790,NA,NA,NA,NA
2025-03-29T15:39:03,217,NA,NA,28654.287717,NA,NA
2025-03-29T15:39:03,217,NA,NA,NA,8.934091,NA
2025-03-29T15:39:03,217,NA,NA,NA,NA,0.000603
2025-03-29T15:39:31,218,19.084515,NA,NA,NA,NA
2025-03-29T15:39:31,218,NA,NA,28624.537108,NA,NA
2025-03-29T15:39:31,218,NA,NA,NA,8.943376,NA
2025-03-29T15:39:31,218,NA,NA,NA,NA,0.000600
2025-03-29T15:39:58,219,17.752399,NA,NA,NA,NA
2025-03-29T15:39:58,219,NA,NA,28471.457244,NA,NA
2025-03-29T15:39:58,219,NA,NA,NA,8.991461,NA
2025-03-29T15:39:58,219,NA,NA,NA,NA,0.000597
2025-03-29T15:40:39,220,NA,18.000000,NA,NA,NA
2025-03-29T15:49:30,220,17.328917,NA,NA,NA,NA
2025-03-29T15:49:30,220,NA,NA,28350.687866,NA,NA
2025-03-29T15:49:30,220,NA,NA,NA,9.029763,NA
2025-03-29T15:49:30,220,NA,NA,NA,NA,0.000594
2025-03-29T15:49:57,221,17.888699,NA,NA,NA,NA
2025-03-29T15:49:57,221,NA,NA,28196.857727,NA,NA
2025-03-29T15:49:57,221,NA,NA,NA,9.079026,NA
2025-03-29T15:49:57,221,NA,NA,NA,NA,0.000591
2025-03-29T15:50:25,222,17.619493,NA,NA,NA,NA
2025-03-29T15:50:25,222,NA,NA,28308.526930,NA,NA
2025-03-29T15:50:25,222,NA,NA,NA,9.043212,NA
2025-03-29T15:50:25,222,NA,NA,NA,NA,0.000588
2025-03-29T15:50:52,223,18.834602,NA,NA,NA,NA
2025-03-29T15:50:52,223,NA,NA,28726.639903,NA,NA
2025-03-29T15:50:52,223,NA,NA,NA,8.911589,NA
2025-03-29T15:50:52,223,NA,NA,NA,NA,0.000584
2025-03-29T15:51:21,224,16.750139,NA,NA,NA,NA
2025-03-29T15:51:21,224,NA,NA,28905.968843,NA,NA
2025-03-29T15:51:21,224,NA,NA,NA,8.856302,NA
2025-03-29T15:51:21,224,NA,NA,NA,NA,0.000581
2025-03-29T15:51:48,225,17.676010,NA,NA,NA,NA
2025-03-29T15:51:48,225,NA,NA,28783.065878,NA,NA
2025-03-29T15:51:48,225,NA,NA,NA,8.894118,NA
2025-03-29T15:51:48,225,NA,NA,NA,NA,0.000578
2025-03-29T15:52:16,226,19.298100,NA,NA,NA,NA
2025-03-29T15:52:16,226,NA,NA,28676.467973,NA,NA
2025-03-29T15:52:16,226,NA,NA,NA,8.927180,NA
2025-03-29T15:52:16,226,NA,NA,NA,NA,0.000575
2025-03-29T15:52:44,227,17.638361,NA,NA,NA,NA
2025-03-29T15:52:44,227,NA,NA,28936.625563,NA,NA
2025-03-29T15:52:44,227,NA,NA,NA,8.846920,NA
2025-03-29T15:52:44,227,NA,NA,NA,NA,0.000572
2025-03-29T15:53:12,228,18.094738,NA,NA,NA,NA
2025-03-29T15:53:12,228,NA,NA,28192.423498,NA,NA
2025-03-29T15:53:12,228,NA,NA,NA,9.080454,NA
2025-03-29T15:53:12,228,NA,NA,NA,NA,0.000569
2025-03-29T15:53:40,229,18.074757,NA,NA,NA,NA
2025-03-29T15:53:40,229,NA,NA,28803.837847,NA,NA
2025-03-29T15:53:40,229,NA,NA,NA,8.887705,NA
2025-03-29T15:53:40,229,NA,NA,NA,NA,0.000566
2025-03-29T15:54:21,230,NA,17.599991,NA,NA,NA
2025-03-29T15:54:48,230,17.484716,NA,NA,NA,NA
2025-03-29T15:54:48,230,NA,NA,28716.441883,NA,NA
2025-03-29T15:54:48,230,NA,NA,NA,8.914754,NA
2025-03-29T15:54:48,230,NA,NA,NA,NA,0.000563
2025-03-29T15:55:17,231,17.188213,NA,NA,NA,NA
2025-03-29T15:55:17,231,NA,NA,29744.926479,NA,NA
2025-03-29T15:55:17,231,NA,NA,NA,8.606510,NA
2025-03-29T15:55:17,231,NA,NA,NA,NA,0.000560
2025-03-29T15:55:49,232,17.324772,NA,NA,NA,NA
2025-03-29T15:55:49,232,NA,NA,32456.796172,NA,NA
2025-03-29T15:55:49,232,NA,NA,NA,7.887408,NA
2025-03-29T15:55:49,232,NA,NA,NA,NA,0.000556
2025-03-29T15:56:19,233,18.775568,NA,NA,NA,NA
2025-03-29T15:56:19,233,NA,NA,29898.640730,NA,NA
2025-03-29T15:56:19,233,NA,NA,NA,8.562263,NA
2025-03-29T15:56:19,233,NA,NA,NA,NA,0.000553
2025-03-29T15:56:47,234,18.054987,NA,NA,NA,NA
2025-03-29T15:56:47,234,NA,NA,29166.074376,NA,NA
2025-03-29T15:56:47,234,NA,NA,NA,8.777321,NA
2025-03-29T15:56:47,234,NA,NA,NA,NA,0.000550
2025-03-29T15:57:15,235,17.211740,NA,NA,NA,NA
2025-03-29T15:57:15,235,NA,NA,28813.649374,NA,NA
2025-03-29T15:57:15,235,NA,NA,NA,8.884678,NA
2025-03-29T15:57:15,235,NA,NA,NA,NA,0.000547
2025-03-29T15:57:43,236,16.406044,NA,NA,NA,NA
2025-03-29T15:57:43,236,NA,NA,28844.497987,NA,NA
2025-03-29T15:57:43,236,NA,NA,NA,8.875176,NA
2025-03-29T15:57:43,236,NA,NA,NA,NA,0.000544
2025-03-29T15:58:12,237,18.205074,NA,NA,NA,NA
2025-03-29T15:58:12,237,NA,NA,29557.399992,NA,NA
2025-03-29T15:58:12,237,NA,NA,NA,8.661114,NA
2025-03-29T15:58:12,237,NA,NA,NA,NA,0.000541
2025-03-29T15:58:39,238,18.790571,NA,NA,NA,NA
2025-03-29T15:58:39,238,NA,NA,28578.647024,NA,NA
2025-03-29T15:58:39,238,NA,NA,NA,8.957737,NA
2025-03-29T15:58:39,238,NA,NA,NA,NA,0.000538
2025-03-29T15:59:07,239,16.165798,NA,NA,NA,NA
2025-03-29T15:59:07,239,NA,NA,28171.235410,NA,NA
2025-03-29T15:59:07,239,NA,NA,NA,9.087283,NA
2025-03-29T15:59:07,239,NA,NA,NA,NA,0.000535
2025-03-29T15:59:47,240,NA,17.399994,NA,NA,NA
2025-03-29T16:08:32,240,17.688906,NA,NA,NA,NA
2025-03-29T16:08:32,240,NA,NA,28167.932073,NA,NA
2025-03-29T16:08:32,240,NA,NA,NA,9.088349,NA
2025-03-29T16:08:32,240,NA,NA,NA,NA,0.000531
2025-03-29T16:08:59,241,17.750582,NA,NA,NA,NA
2025-03-29T16:08:59,241,NA,NA,28111.303199,NA,NA
2025-03-29T16:08:59,241,NA,NA,NA,9.106657,NA
2025-03-29T16:08:59,241,NA,NA,NA,NA,0.000528
2025-03-29T16:09:26,242,18.104036,NA,NA,NA,NA
2025-03-29T16:09:26,242,NA,NA,28254.721994,NA,NA
2025-03-29T16:09:26,242,NA,NA,NA,9.060432,NA
2025-03-29T16:09:26,242,NA,NA,NA,NA,0.000525
2025-03-29T16:09:54,243,18.018595,NA,NA,NA,NA
2025-03-29T16:09:54,243,NA,NA,28266.542030,NA,NA
2025-03-29T16:09:54,243,NA,NA,NA,9.056643,NA
2025-03-29T16:09:54,243,NA,NA,NA,NA,0.000522
2025-03-29T16:10:22,244,16.853392,NA,NA,NA,NA
2025-03-29T16:10:22,244,NA,NA,28875.373862,NA,NA
2025-03-29T16:10:22,244,NA,NA,NA,8.865686,NA
2025-03-29T16:10:22,244,NA,NA,NA,NA,0.000519
2025-03-29T16:10:50,245,16.566679,NA,NA,NA,NA
2025-03-29T16:10:50,245,NA,NA,28583.779624,NA,NA
2025-03-29T16:10:50,245,NA,NA,NA,8.956128,NA
2025-03-29T16:10:50,245,NA,NA,NA,NA,0.000516
2025-03-29T16:11:18,246,17.376431,NA,NA,NA,NA
2025-03-29T16:11:18,246,NA,NA,28601.149442,NA,NA
2025-03-29T16:11:18,246,NA,NA,NA,8.950689,NA
2025-03-29T16:11:18,246,NA,NA,NA,NA,0.000513
2025-03-29T16:11:46,247,18.208633,NA,NA,NA,NA
2025-03-29T16:11:46,247,NA,NA,28932.062815,NA,NA
2025-03-29T16:11:46,247,NA,NA,NA,8.848315,NA
2025-03-29T16:11:46,247,NA,NA,NA,NA,0.000509
2025-03-29T16:12:14,248,17.365843,NA,NA,NA,NA
2025-03-29T16:12:14,248,NA,NA,28663.044400,NA,NA
2025-03-29T16:12:14,248,NA,NA,NA,8.931361,NA
2025-03-29T16:12:14,248,NA,NA,NA,NA,0.000506
2025-03-29T16:12:42,249,18.162308,NA,NA,NA,NA
2025-03-29T16:12:42,249,NA,NA,28943.458293,NA,NA
2025-03-29T16:12:42,249,NA,NA,NA,8.844831,NA
2025-03-29T16:12:42,249,NA,NA,NA,NA,0.000503
2025-03-29T16:13:23,250,NA,17.599991,NA,NA,NA
2025-03-29T16:13:51,250,18.535370,NA,NA,NA,NA
2025-03-29T16:13:51,250,NA,NA,29246.633048,NA,NA
2025-03-29T16:13:51,250,NA,NA,NA,8.753144,NA
2025-03-29T16:13:51,250,NA,NA,NA,NA,0.000500
2025-03-29T16:14:19,251,18.006340,NA,NA,NA,NA
2025-03-29T16:14:19,251,NA,NA,29103.415181,NA,NA
2025-03-29T16:14:19,251,NA,NA,NA,8.796219,NA
2025-03-29T16:14:19,251,NA,NA,NA,NA,0.000497
2025-03-29T16:14:47,252,18.433514,NA,NA,NA,NA
2025-03-29T16:14:47,252,NA,NA,28231.640663,NA,NA
2025-03-29T16:14:47,252,NA,NA,NA,9.067840,NA
2025-03-29T16:14:47,252,NA,NA,NA,NA,0.000494
2025-03-29T16:15:16,253,19.074442,NA,NA,NA,NA
2025-03-29T16:15:16,253,NA,NA,30114.280411,NA,NA
2025-03-29T16:15:16,253,NA,NA,NA,8.500950,NA
2025-03-29T16:15:16,253,NA,NA,NA,NA,0.000491
2025-03-29T16:15:44,254,17.451305,NA,NA,NA,NA
2025-03-29T16:15:44,254,NA,NA,28620.487091,NA,NA
2025-03-29T16:15:44,254,NA,NA,NA,8.944642,NA
2025-03-29T16:15:44,254,NA,NA,NA,NA,0.000487
2025-03-29T16:16:12,255,18.111237,NA,NA,NA,NA
2025-03-29T16:16:12,255,NA,NA,28649.067268,NA,NA
2025-03-29T16:16:12,255,NA,NA,NA,8.935719,NA
2025-03-29T16:16:12,255,NA,NA,NA,NA,0.000484
2025-03-29T16:16:40,256,16.926943,NA,NA,NA,NA
2025-03-29T16:16:40,256,NA,NA,28651.869219,NA,NA
2025-03-29T16:16:40,256,NA,NA,NA,8.934845,NA
2025-03-29T16:16:40,256,NA,NA,NA,NA,0.000481
2025-03-29T16:17:07,257,18.217215,NA,NA,NA,NA
2025-03-29T16:17:07,257,NA,NA,28240.021422,NA,NA
2025-03-29T16:17:07,257,NA,NA,NA,9.065149,NA
2025-03-29T16:17:07,257,NA,NA,NA,NA,0.000478
2025-03-29T16:17:36,258,16.987387,NA,NA,NA,NA
2025-03-29T16:17:36,258,NA,NA,29566.688031,NA,NA
2025-03-29T16:17:36,258,NA,NA,NA,8.658393,NA
2025-03-29T16:17:36,258,NA,NA,NA,NA,0.000475
2025-03-29T16:18:05,259,18.587017,NA,NA,NA,NA
2025-03-29T16:18:05,259,NA,NA,29319.739989,NA,NA
2025-03-29T16:18:05,259,NA,NA,NA,8.731318,NA
2025-03-29T16:18:05,259,NA,NA,NA,NA,0.000472
2025-03-29T16:18:48,260,NA,17.000000,NA,NA,NA
2025-03-29T16:27:46,260,17.764086,NA,NA,NA,NA
2025-03-29T16:27:46,260,NA,NA,28385.504258,NA,NA
2025-03-29T16:27:46,260,NA,NA,NA,9.018688,NA
2025-03-29T16:27:46,260,NA,NA,NA,NA,0.000469
2025-03-29T16:28:14,261,17.636105,NA,NA,NA,NA
2025-03-29T16:28:14,261,NA,NA,28481.832181,NA,NA
2025-03-29T16:28:14,261,NA,NA,NA,8.988186,NA
2025-03-29T16:28:14,261,NA,NA,NA,NA,0.000465
2025-03-29T16:28:42,262,18.242651,NA,NA,NA,NA
2025-03-29T16:28:42,262,NA,NA,28290.829855,NA,NA
2025-03-29T16:28:42,262,NA,NA,NA,9.048868,NA
2025-03-29T16:28:42,262,NA,NA,NA,NA,0.000462
2025-03-29T16:29:09,263,17.897154,NA,NA,NA,NA
2025-03-29T16:29:09,263,NA,NA,28219.503002,NA,NA
2025-03-29T16:29:09,263,NA,NA,NA,9.071740,NA
2025-03-29T16:29:09,263,NA,NA,NA,NA,0.000459
2025-03-29T16:29:37,264,17.457567,NA,NA,NA,NA
2025-03-29T16:29:37,264,NA,NA,28235.969458,NA,NA
2025-03-29T16:29:37,264,NA,NA,NA,9.066450,NA
2025-03-29T16:29:37,264,NA,NA,NA,NA,0.000456
2025-03-29T16:30:05,265,19.428032,NA,NA,NA,NA
2025-03-29T16:30:05,265,NA,NA,28818.895601,NA,NA
2025-03-29T16:30:05,265,NA,NA,NA,8.883060,NA
2025-03-29T16:30:05,265,NA,NA,NA,NA,0.000453
2025-03-29T16:30:33,266,19.660730,NA,NA,NA,NA
2025-03-29T16:30:33,266,NA,NA,29543.254762,NA,NA
2025-03-29T16:30:33,266,NA,NA,NA,8.665260,NA
2025-03-29T16:30:33,266,NA,NA,NA,NA,0.000450
2025-03-29T16:31:01,267,18.120499,NA,NA,NA,NA
2025-03-29T16:31:01,267,NA,NA,28533.779237,NA,NA
2025-03-29T16:31:01,267,NA,NA,NA,8.971823,NA
2025-03-29T16:31:01,267,NA,NA,NA,NA,0.000447
2025-03-29T16:31:28,268,17.450891,NA,NA,NA,NA
2025-03-29T16:31:28,268,NA,NA,28125.134899,NA,NA
2025-03-29T16:31:28,268,NA,NA,NA,9.102179,NA
2025-03-29T16:31:28,268,NA,NA,NA,NA,0.000444
2025-03-29T16:31:56,269,17.958590,NA,NA,NA,NA
2025-03-29T16:31:56,269,NA,NA,28319.269011,NA,NA
2025-03-29T16:31:56,269,NA,NA,NA,9.039782,NA
2025-03-29T16:31:56,269,NA,NA,NA,NA,0.000440
2025-03-29T16:32:35,270,NA,17.599991,NA,NA,NA
2025-03-29T16:33:03,270,19.001610,NA,NA,NA,NA
2025-03-29T16:33:03,270,NA,NA,28327.507664,NA,NA
2025-03-29T16:33:03,270,NA,NA,NA,9.037152,NA
2025-03-29T16:33:03,270,NA,NA,NA,NA,0.000437
2025-03-29T16:33:30,271,17.289089,NA,NA,NA,NA
2025-03-29T16:33:30,271,NA,NA,28281.102118,NA,NA
2025-03-29T16:33:30,271,NA,NA,NA,9.051981,NA
2025-03-29T16:33:30,271,NA,NA,NA,NA,0.000434
2025-03-29T16:33:58,272,18.182663,NA,NA,NA,NA
2025-03-29T16:33:58,272,NA,NA,28166.423881,NA,NA
2025-03-29T16:33:58,272,NA,NA,NA,9.088836,NA
2025-03-29T16:33:58,272,NA,NA,NA,NA,0.000431
2025-03-29T16:34:26,273,19.014406,NA,NA,NA,NA
2025-03-29T16:34:26,273,NA,NA,28306.596185,NA,NA
2025-03-29T16:34:26,273,NA,NA,NA,9.043828,NA
2025-03-29T16:34:26,273,NA,NA,NA,NA,0.000428
2025-03-29T16:34:53,274,16.830687,NA,NA,NA,NA
2025-03-29T16:34:53,274,NA,NA,28334.465679,NA,NA
2025-03-29T16:34:53,274,NA,NA,NA,9.034933,NA
2025-03-29T16:34:53,274,NA,NA,NA,NA,0.000425
2025-03-29T16:35:20,275,16.283463,NA,NA,NA,NA
2025-03-29T16:35:20,275,NA,NA,28062.851337,NA,NA
2025-03-29T16:35:20,275,NA,NA,NA,9.122380,NA
2025-03-29T16:35:20,275,NA,NA,NA,NA,0.000422
2025-03-29T16:35:48,276,17.177614,NA,NA,NA,NA
2025-03-29T16:35:48,276,NA,NA,29241.508782,NA,NA
2025-03-29T16:35:48,276,NA,NA,NA,8.754678,NA
2025-03-29T16:35:48,276,NA,NA,NA,NA,0.000419
2025-03-29T16:36:17,277,18.279049,NA,NA,NA,NA
2025-03-29T16:36:17,277,NA,NA,29293.424837,NA,NA
2025-03-29T16:36:17,277,NA,NA,NA,8.739162,NA
2025-03-29T16:36:17,277,NA,NA,NA,NA,0.000416
2025-03-29T16:36:45,278,18.689625,NA,NA,NA,NA
2025-03-29T16:36:45,278,NA,NA,29284.140206,NA,NA
2025-03-29T16:36:45,278,NA,NA,NA,8.741933,NA
2025-03-29T16:36:45,278,NA,NA,NA,NA,0.000412
2025-03-29T16:37:15,279,17.374739,NA,NA,NA,NA
2025-03-29T16:37:15,279,NA,NA,30872.526940,NA,NA
2025-03-29T16:37:15,279,NA,NA,NA,8.292162,NA
2025-03-29T16:37:15,279,NA,NA,NA,NA,0.000409
2025-03-29T16:38:00,280,NA,17.799988,NA,NA,NA
2025-03-29T16:46:52,280,18.067715,NA,NA,NA,NA
2025-03-29T16:46:52,280,NA,NA,28192.504044,NA,NA
2025-03-29T16:46:52,280,NA,NA,NA,9.080428,NA
2025-03-29T16:46:52,280,NA,NA,NA,NA,0.000406
2025-03-29T16:47:19,281,16.579008,NA,NA,NA,NA
2025-03-29T16:47:19,281,NA,NA,28201.865824,NA,NA
2025-03-29T16:47:19,281,NA,NA,NA,9.077414,NA
2025-03-29T16:47:19,281,NA,NA,NA,NA,0.000403
2025-03-29T16:47:46,282,17.516232,NA,NA,NA,NA
2025-03-29T16:47:46,282,NA,NA,28037.765682,NA,NA
2025-03-29T16:47:46,282,NA,NA,NA,9.130542,NA
2025-03-29T16:47:46,282,NA,NA,NA,NA,0.000400
2025-03-29T16:48:13,283,17.531521,NA,NA,NA,NA
2025-03-29T16:48:13,283,NA,NA,28164.854560,NA,NA
2025-03-29T16:48:13,283,NA,NA,NA,9.089342,NA
2025-03-29T16:48:13,283,NA,NA,NA,NA,0.000397
2025-03-29T16:48:41,284,16.938372,NA,NA,NA,NA
2025-03-29T16:48:41,284,NA,NA,28151.425561,NA,NA
2025-03-29T16:48:41,284,NA,NA,NA,9.093678,NA
2025-03-29T16:48:41,284,NA,NA,NA,NA,0.000394
2025-03-29T16:49:08,285,17.238281,NA,NA,NA,NA
2025-03-29T16:49:08,285,NA,NA,28177.480682,NA,NA
2025-03-29T16:49:08,285,NA,NA,NA,9.085269,NA
2025-03-29T16:49:08,285,NA,NA,NA,NA,0.000391
2025-03-29T16:49:36,286,16.877422,NA,NA,NA,NA
2025-03-29T16:49:36,286,NA,NA,28215.256726,NA,NA
2025-03-29T16:49:36,286,NA,NA,NA,9.073106,NA
2025-03-29T16:49:36,286,NA,NA,NA,NA,0.000388
2025-03-29T16:50:04,287,18.127590,NA,NA,NA,NA
2025-03-29T16:50:04,287,NA,NA,28283.433243,NA,NA
2025-03-29T16:50:04,287,NA,NA,NA,9.051235,NA
2025-03-29T16:50:04,287,NA,NA,NA,NA,0.000385
2025-03-29T16:50:31,288,18.126247,NA,NA,NA,NA
2025-03-29T16:50:31,288,NA,NA,28232.647438,NA,NA
2025-03-29T16:50:31,288,NA,NA,NA,9.067516,NA
2025-03-29T16:50:31,288,NA,NA,NA,NA,0.000382
2025-03-29T16:50:58,289,18.146496,NA,NA,NA,NA
2025-03-29T16:50:58,289,NA,NA,28351.339336,NA,NA
2025-03-29T16:50:58,289,NA,NA,NA,9.029555,NA
2025-03-29T16:50:58,289,NA,NA,NA,NA,0.000379
2025-03-29T16:51:38,290,NA,17.799988,NA,NA,NA
2025-03-29T16:52:05,290,18.683809,NA,NA,NA,NA
2025-03-29T16:52:05,290,NA,NA,28481.433724,NA,NA
2025-03-29T16:52:05,290,NA,NA,NA,8.988312,NA
2025-03-29T16:52:05,290,NA,NA,NA,NA,0.000376
2025-03-29T16:52:33,291,16.787886,NA,NA,NA,NA
2025-03-29T16:52:33,291,NA,NA,28565.156439,NA,NA
2025-03-29T16:52:33,291,NA,NA,NA,8.961967,NA
2025-03-29T16:52:33,291,NA,NA,NA,NA,0.000373
2025-03-29T16:53:02,292,18.327513,NA,NA,NA,NA
2025-03-29T16:53:02,292,NA,NA,29477.407961,NA,NA
2025-03-29T16:53:02,292,NA,NA,NA,8.684617,NA
2025-03-29T16:53:02,292,NA,NA,NA,NA,0.000370
2025-03-29T16:53:29,293,17.786940,NA,NA,NA,NA
2025-03-29T16:53:29,293,NA,NA,28147.568481,NA,NA
2025-03-29T16:53:29,293,NA,NA,NA,9.094924,NA
2025-03-29T16:53:29,293,NA,NA,NA,NA,0.000367
2025-03-29T16:53:56,294,19.301212,NA,NA,NA,NA
2025-03-29T16:53:56,294,NA,NA,28391.719026,NA,NA
2025-03-29T16:53:56,294,NA,NA,NA,9.016714,NA
2025-03-29T16:53:56,294,NA,NA,NA,NA,0.000364
2025-03-29T16:54:24,295,20.587440,NA,NA,NA,NA
2025-03-29T16:54:24,295,NA,NA,28304.377358,NA,NA
2025-03-29T16:54:24,295,NA,NA,NA,9.044538,NA
2025-03-29T16:54:24,295,NA,NA,NA,NA,0.000361
2025-03-29T16:54:51,296,17.510782,NA,NA,NA,NA
2025-03-29T16:54:51,296,NA,NA,28290.658060,NA,NA
2025-03-29T16:54:51,296,NA,NA,NA,9.048923,NA
2025-03-29T16:54:51,296,NA,NA,NA,NA,0.000357
2025-03-29T16:55:19,297,17.218939,NA,NA,NA,NA
2025-03-29T16:55:19,297,NA,NA,28186.850721,NA,NA
2025-03-29T16:55:19,297,NA,NA,NA,9.082249,NA
2025-03-29T16:55:19,297,NA,NA,NA,NA,0.000354
2025-03-29T16:55:46,298,17.166714,NA,NA,NA,NA
2025-03-29T16:55:46,298,NA,NA,28119.520479,NA,NA
2025-03-29T16:55:46,298,NA,NA,NA,9.103996,NA
2025-03-29T16:55:46,298,NA,NA,NA,NA,0.000351
2025-03-29T16:56:14,299,17.200369,NA,NA,NA,NA
2025-03-29T16:56:14,299,NA,NA,28105.242577,NA,NA
2025-03-29T16:56:14,299,NA,NA,NA,9.108621,NA
2025-03-29T16:56:14,299,NA,NA,NA,NA,0.000348
2025-03-29T16:56:53,300,NA,17.599991,NA,NA,NA
2025-03-29T17:05:40,300,18.253361,NA,NA,NA,NA
2025-03-29T17:05:40,300,NA,NA,28300.468621,NA,NA
2025-03-29T17:05:40,300,NA,NA,NA,9.045787,NA
2025-03-29T17:05:40,300,NA,NA,NA,NA,0.000345
2025-03-29T17:06:07,301,18.540648,NA,NA,NA,NA
2025-03-29T17:06:07,301,NA,NA,28293.365967,NA,NA
2025-03-29T17:06:07,301,NA,NA,NA,9.048058,NA
2025-03-29T17:06:07,301,NA,NA,NA,NA,0.000343
2025-03-29T17:06:35,302,17.217379,NA,NA,NA,NA
2025-03-29T17:06:35,302,NA,NA,28323.058944,NA,NA
2025-03-29T17:06:35,302,NA,NA,NA,9.038571,NA
2025-03-29T17:06:35,302,NA,NA,NA,NA,0.000340
2025-03-29T17:07:02,303,17.693539,NA,NA,NA,NA
2025-03-29T17:07:02,303,NA,NA,28667.361336,NA,NA
2025-03-29T17:07:02,303,NA,NA,NA,8.930017,NA
2025-03-29T17:07:02,303,NA,NA,NA,NA,0.000337
2025-03-29T17:07:30,304,19.187532,NA,NA,NA,NA
2025-03-29T17:07:30,304,NA,NA,28571.143790,NA,NA
2025-03-29T17:07:30,304,NA,NA,NA,8.960090,NA
2025-03-29T17:07:30,304,NA,NA,NA,NA,0.000334
2025-03-29T17:07:58,305,16.538937,NA,NA,NA,NA
2025-03-29T17:07:58,305,NA,NA,28902.599592,NA,NA
2025-03-29T17:07:58,305,NA,NA,NA,8.857335,NA
2025-03-29T17:07:58,305,NA,NA,NA,NA,0.000331
2025-03-29T17:08:25,306,18.738977,NA,NA,NA,NA
2025-03-29T17:08:25,306,NA,NA,28417.882439,NA,NA
2025-03-29T17:08:25,306,NA,NA,NA,9.008412,NA
2025-03-29T17:08:25,306,NA,NA,NA,NA,0.000328
2025-03-29T17:08:54,307,20.146902,NA,NA,NA,NA
2025-03-29T17:08:54,307,NA,NA,28294.035051,NA,NA
2025-03-29T17:08:54,307,NA,NA,NA,9.047844,NA
2025-03-29T17:08:54,307,NA,NA,NA,NA,0.000325
2025-03-29T17:09:21,308,16.758591,NA,NA,NA,NA
2025-03-29T17:09:21,308,NA,NA,28401.671427,NA,NA
2025-03-29T17:09:21,308,NA,NA,NA,9.013554,NA
2025-03-29T17:09:21,308,NA,NA,NA,NA,0.000322
2025-03-29T17:09:48,309,17.615967,NA,NA,NA,NA
2025-03-29T17:09:48,309,NA,NA,28276.600152,NA,NA
2025-03-29T17:09:48,309,NA,NA,NA,9.053422,NA
2025-03-29T17:09:48,309,NA,NA,NA,NA,0.000319
2025-03-29T17:10:28,310,NA,17.000000,NA,NA,NA
2025-03-29T17:10:55,310,17.649471,NA,NA,NA,NA
2025-03-29T17:10:55,310,NA,NA,28182.762760,NA,NA
2025-03-29T17:10:55,310,NA,NA,NA,9.083567,NA
2025-03-29T17:10:55,310,NA,NA,NA,NA,0.000316
2025-03-29T17:11:23,311,17.823772,NA,NA,NA,NA
2025-03-29T17:11:23,311,NA,NA,28143.006986,NA,NA
2025-03-29T17:11:23,311,NA,NA,NA,9.096398,NA
2025-03-29T17:11:23,311,NA,NA,NA,NA,0.000313
2025-03-29T17:11:50,312,17.819090,NA,NA,NA,NA
2025-03-29T17:11:50,312,NA,NA,28141.397118,NA,NA
2025-03-29T17:11:50,312,NA,NA,NA,9.096919,NA
2025-03-29T17:11:50,312,NA,NA,NA,NA,0.000310
2025-03-29T17:12:17,313,17.783140,NA,NA,NA,NA
2025-03-29T17:12:17,313,NA,NA,28204.066861,NA,NA
2025-03-29T17:12:17,313,NA,NA,NA,9.076705,NA
2025-03-29T17:12:17,313,NA,NA,NA,NA,0.000307
2025-03-29T17:12:44,314,18.805735,NA,NA,NA,NA
2025-03-29T17:12:44,314,NA,NA,28234.291996,NA,NA
2025-03-29T17:12:44,314,NA,NA,NA,9.066989,NA
2025-03-29T17:12:44,314,NA,NA,NA,NA,0.000304
2025-03-29T17:13:12,315,18.535538,NA,NA,NA,NA
2025-03-29T17:13:12,315,NA,NA,28229.342975,NA,NA
2025-03-29T17:13:12,315,NA,NA,NA,9.068578,NA
2025-03-29T17:13:12,315,NA,NA,NA,NA,0.000301
2025-03-29T17:13:39,316,17.428377,NA,NA,NA,NA
2025-03-29T17:13:39,316,NA,NA,28284.995727,NA,NA
2025-03-29T17:13:39,316,NA,NA,NA,9.050735,NA
2025-03-29T17:13:39,316,NA,NA,NA,NA,0.000299
2025-03-29T17:14:07,317,18.098333,NA,NA,NA,NA
2025-03-29T17:14:07,317,NA,NA,28216.961315,NA,NA
2025-03-29T17:14:07,317,NA,NA,NA,9.072557,NA
2025-03-29T17:14:07,317,NA,NA,NA,NA,0.000296
2025-03-29T17:14:34,318,18.161573,NA,NA,NA,NA
2025-03-29T17:14:34,318,NA,NA,28114.812049,NA,NA
2025-03-29T17:14:34,318,NA,NA,NA,9.105520,NA
2025-03-29T17:14:34,318,NA,NA,NA,NA,0.000293
2025-03-29T17:15:02,319,18.671915,NA,NA,NA,NA
2025-03-29T17:15:02,319,NA,NA,28258.548001,NA,NA
2025-03-29T17:15:02,319,NA,NA,NA,9.059206,NA
2025-03-29T17:15:02,319,NA,NA,NA,NA,0.000290
2025-03-29T17:15:42,320,NA,17.000000,NA,NA,NA
2025-03-29T17:24:29,320,18.881586,NA,NA,NA,NA
2025-03-29T17:24:29,320,NA,NA,28469.046781,NA,NA
2025-03-29T17:24:29,320,NA,NA,NA,8.992223,NA
2025-03-29T17:24:29,320,NA,NA,NA,NA,0.000287
2025-03-29T17:24:56,321,17.487198,NA,NA,NA,NA
2025-03-29T17:24:56,321,NA,NA,28189.402401,NA,NA
2025-03-29T17:24:56,321,NA,NA,NA,9.081427,NA
2025-03-29T17:24:56,321,NA,NA,NA,NA,0.000284
2025-03-29T17:25:23,322,19.198065,NA,NA,NA,NA
2025-03-29T17:25:23,322,NA,NA,28094.726394,NA,NA
2025-03-29T17:25:23,322,NA,NA,NA,9.112030,NA
2025-03-29T17:25:23,322,NA,NA,NA,NA,0.000281
2025-03-29T17:25:50,323,17.699892,NA,NA,NA,NA
2025-03-29T17:25:50,323,NA,NA,28281.517483,NA,NA
2025-03-29T17:25:50,323,NA,NA,NA,9.051848,NA
2025-03-29T17:25:50,323,NA,NA,NA,NA,0.000279
2025-03-29T17:26:18,324,18.611685,NA,NA,NA,NA
2025-03-29T17:26:18,324,NA,NA,28162.176415,NA,NA
2025-03-29T17:26:18,324,NA,NA,NA,9.090206,NA
2025-03-29T17:26:18,324,NA,NA,NA,NA,0.000276
2025-03-29T17:26:45,325,17.236675,NA,NA,NA,NA
2025-03-29T17:26:45,325,NA,NA,28200.319395,NA,NA
2025-03-29T17:26:45,325,NA,NA,NA,9.077911,NA
2025-03-29T17:26:45,325,NA,NA,NA,NA,0.000273
2025-03-29T17:27:13,326,18.183872,NA,NA,NA,NA
2025-03-29T17:27:13,326,NA,NA,28157.762308,NA,NA
2025-03-29T17:27:13,326,NA,NA,NA,9.091632,NA
2025-03-29T17:27:13,326,NA,NA,NA,NA,0.000270
2025-03-29T17:27:40,327,17.766178,NA,NA,NA,NA
2025-03-29T17:27:40,327,NA,NA,28225.863224,NA,NA
2025-03-29T17:27:40,327,NA,NA,NA,9.069696,NA
2025-03-29T17:27:40,327,NA,NA,NA,NA,0.000267
2025-03-29T17:28:08,328,18.647112,NA,NA,NA,NA
2025-03-29T17:28:08,328,NA,NA,28577.871061,NA,NA
2025-03-29T17:28:08,328,NA,NA,NA,8.957980,NA
2025-03-29T17:28:08,328,NA,NA,NA,NA,0.000265
2025-03-29T17:28:35,329,17.544830,NA,NA,NA,NA
2025-03-29T17:28:35,329,NA,NA,28231.220519,NA,NA
2025-03-29T17:28:35,329,NA,NA,NA,9.067975,NA
2025-03-29T17:28:35,329,NA,NA,NA,NA,0.000262
2025-03-29T17:29:15,330,NA,17.399994,NA,NA,NA
2025-03-29T17:29:42,330,18.896797,NA,NA,NA,NA
2025-03-29T17:29:42,330,NA,NA,28173.324468,NA,NA
2025-03-29T17:29:42,330,NA,NA,NA,9.086610,NA
2025-03-29T17:29:42,330,NA,NA,NA,NA,0.000259
2025-03-29T17:30:10,331,18.166712,NA,NA,NA,NA
2025-03-29T17:30:10,331,NA,NA,28647.165954,NA,NA
2025-03-29T17:30:10,331,NA,NA,NA,8.936312,NA
2025-03-29T17:30:10,331,NA,NA,NA,NA,0.000256
2025-03-29T17:30:37,332,17.365147,NA,NA,NA,NA
2025-03-29T17:30:37,332,NA,NA,28263.036000,NA,NA
2025-03-29T17:30:37,332,NA,NA,NA,9.057767,NA
2025-03-29T17:30:37,332,NA,NA,NA,NA,0.000254
2025-03-29T17:31:05,333,18.234243,NA,NA,NA,NA
2025-03-29T17:31:05,333,NA,NA,28336.943080,NA,NA
2025-03-29T17:31:05,333,NA,NA,NA,9.034143,NA
2025-03-29T17:31:05,333,NA,NA,NA,NA,0.000251
2025-03-29T17:31:32,334,18.973444,NA,NA,NA,NA
2025-03-29T17:31:32,334,NA,NA,28129.340334,NA,NA
2025-03-29T17:31:32,334,NA,NA,NA,9.100818,NA
2025-03-29T17:31:32,334,NA,NA,NA,NA,0.000248
2025-03-29T17:31:59,335,18.559166,NA,NA,NA,NA
2025-03-29T17:31:59,335,NA,NA,28345.749485,NA,NA
2025-03-29T17:31:59,335,NA,NA,NA,9.031337,NA
2025-03-29T17:31:59,335,NA,NA,NA,NA,0.000245
2025-03-29T17:32:27,336,18.203424,NA,NA,NA,NA
2025-03-29T17:32:27,336,NA,NA,28235.429915,NA,NA
2025-03-29T17:32:27,336,NA,NA,NA,9.066623,NA
2025-03-29T17:32:27,336,NA,NA,NA,NA,0.000243
2025-03-29T17:32:55,337,18.496166,NA,NA,NA,NA
2025-03-29T17:32:55,337,NA,NA,28324.613562,NA,NA
2025-03-29T17:32:55,337,NA,NA,NA,9.038075,NA
2025-03-29T17:32:55,337,NA,NA,NA,NA,0.000240
2025-03-29T17:33:22,338,19.452324,NA,NA,NA,NA
2025-03-29T17:33:22,338,NA,NA,28290.703931,NA,NA
2025-03-29T17:33:22,338,NA,NA,NA,9.048909,NA
2025-03-29T17:33:22,338,NA,NA,NA,NA,0.000237
2025-03-29T17:33:50,339,16.718784,NA,NA,NA,NA
2025-03-29T17:33:50,339,NA,NA,28270.027594,NA,NA
2025-03-29T17:33:50,339,NA,NA,NA,9.055527,NA
2025-03-29T17:33:50,339,NA,NA,NA,NA,0.000235
2025-03-29T17:34:29,340,NA,18.199997,NA,NA,NA
2025-03-29T17:43:16,340,17.489380,NA,NA,NA,NA
2025-03-29T17:43:16,340,NA,NA,28319.855179,NA,NA
2025-03-29T17:43:16,340,NA,NA,NA,9.039595,NA
2025-03-29T17:43:16,340,NA,NA,NA,NA,0.000232
2025-03-29T17:43:43,341,18.133511,NA,NA,NA,NA
2025-03-29T17:43:43,341,NA,NA,28295.956752,NA,NA
2025-03-29T17:43:43,341,NA,NA,NA,9.047229,NA
2025-03-29T17:43:43,341,NA,NA,NA,NA,0.000229
2025-03-29T17:44:11,342,18.861099,NA,NA,NA,NA
2025-03-29T17:44:11,342,NA,NA,28207.703261,NA,NA
2025-03-29T17:44:11,342,NA,NA,NA,9.075535,NA
2025-03-29T17:44:11,342,NA,NA,NA,NA,0.000227
2025-03-29T17:44:38,343,18.377480,NA,NA,NA,NA
2025-03-29T17:44:38,343,NA,NA,28176.095610,NA,NA
2025-03-29T17:44:38,343,NA,NA,NA,9.085716,NA
2025-03-29T17:44:38,343,NA,NA,NA,NA,0.000224
2025-03-29T17:45:05,344,17.416828,NA,NA,NA,NA
2025-03-29T17:45:05,344,NA,NA,28657.604660,NA,NA
2025-03-29T17:45:05,344,NA,NA,NA,8.933057,NA
2025-03-29T17:45:05,344,NA,NA,NA,NA,0.000222
2025-03-29T17:45:33,345,17.544193,NA,NA,NA,NA
2025-03-29T17:45:33,345,NA,NA,28323.784773,NA,NA
2025-03-29T17:45:33,345,NA,NA,NA,9.038341,NA
2025-03-29T17:45:33,345,NA,NA,NA,NA,0.000219
2025-03-29T17:46:00,346,18.845989,NA,NA,NA,NA
2025-03-29T17:46:00,346,NA,NA,28326.894040,NA,NA
2025-03-29T17:46:00,346,NA,NA,NA,9.037348,NA
2025-03-29T17:46:00,346,NA,NA,NA,NA,0.000216
2025-03-29T17:46:29,347,16.569670,NA,NA,NA,NA
2025-03-29T17:46:29,347,NA,NA,28293.210996,NA,NA
2025-03-29T17:46:29,347,NA,NA,NA,9.048107,NA
2025-03-29T17:46:29,347,NA,NA,NA,NA,0.000214
2025-03-29T17:46:56,348,18.487116,NA,NA,NA,NA
2025-03-29T17:46:56,348,NA,NA,28209.380814,NA,NA
2025-03-29T17:46:56,348,NA,NA,NA,9.074995,NA
2025-03-29T17:46:56,348,NA,NA,NA,NA,0.000211
2025-03-29T17:47:23,349,18.755365,NA,NA,NA,NA
2025-03-29T17:47:23,349,NA,NA,28324.842928,NA,NA
2025-03-29T17:47:23,349,NA,NA,NA,9.038002,NA
2025-03-29T17:47:23,349,NA,NA,NA,NA,0.000209
2025-03-29T17:48:03,350,NA,17.599991,NA,NA,NA
2025-03-29T17:48:30,350,17.513163,NA,NA,NA,NA
2025-03-29T17:48:30,350,NA,NA,28193.213780,NA,NA
2025-03-29T17:48:30,350,NA,NA,NA,9.080199,NA
2025-03-29T17:48:30,350,NA,NA,NA,NA,0.000206
2025-03-29T17:48:57,351,18.009163,NA,NA,NA,NA
2025-03-29T17:48:57,351,NA,NA,28144.647347,NA,NA
2025-03-29T17:48:57,351,NA,NA,NA,9.095868,NA
2025-03-29T17:48:57,351,NA,NA,NA,NA,0.000204
2025-03-29T17:49:25,352,17.892284,NA,NA,NA,NA
2025-03-29T17:49:25,352,NA,NA,28214.515957,NA,NA
2025-03-29T17:49:25,352,NA,NA,NA,9.073343,NA
2025-03-29T17:49:25,352,NA,NA,NA,NA,0.000201
2025-03-29T17:49:52,353,17.785444,NA,NA,NA,NA
2025-03-29T17:49:52,353,NA,NA,28243.634053,NA,NA
2025-03-29T17:49:52,353,NA,NA,NA,9.063990,NA
2025-03-29T17:49:52,353,NA,NA,NA,NA,0.000199
2025-03-29T17:50:19,354,19.925362,NA,NA,NA,NA
2025-03-29T17:50:19,354,NA,NA,28393.142769,NA,NA
2025-03-29T17:50:19,354,NA,NA,NA,9.016261,NA
2025-03-29T17:50:19,354,NA,NA,NA,NA,0.000196
2025-03-29T17:50:47,355,16.620245,NA,NA,NA,NA
2025-03-29T17:50:47,355,NA,NA,28480.668253,NA,NA
2025-03-29T17:50:47,355,NA,NA,NA,8.988553,NA
2025-03-29T17:50:47,355,NA,NA,NA,NA,0.000194
2025-03-29T17:51:15,356,17.698532,NA,NA,NA,NA
2025-03-29T17:51:15,356,NA,NA,28570.339271,NA,NA
2025-03-29T17:51:15,356,NA,NA,NA,8.960341,NA
2025-03-29T17:51:15,356,NA,NA,NA,NA,0.000191
2025-03-29T17:51:43,357,17.476768,NA,NA,NA,NA
2025-03-29T17:51:43,357,NA,NA,28291.387154,NA,NA
2025-03-29T17:51:43,357,NA,NA,NA,9.048690,NA
2025-03-29T17:51:43,357,NA,NA,NA,NA,0.000189
2025-03-29T17:52:10,358,17.813570,NA,NA,NA,NA
2025-03-29T17:52:10,358,NA,NA,28449.155085,NA,NA
2025-03-29T17:52:10,358,NA,NA,NA,8.998509,NA
2025-03-29T17:52:10,358,NA,NA,NA,NA,0.000186
2025-03-29T17:52:38,359,16.875715,NA,NA,NA,NA
2025-03-29T17:52:38,359,NA,NA,28523.007013,NA,NA
2025-03-29T17:52:38,359,NA,NA,NA,8.975211,NA
2025-03-29T17:52:38,359,NA,NA,NA,NA,0.000184
2025-03-29T17:53:18,360,NA,17.399994,NA,NA,NA
2025-03-29T18:02:05,360,19.715357,NA,NA,NA,NA
2025-03-29T18:02:05,360,NA,NA,28641.577463,NA,NA
2025-03-29T18:02:05,360,NA,NA,NA,8.938055,NA
2025-03-29T18:02:05,360,NA,NA,NA,NA,0.000181
2025-03-29T18:02:33,361,16.813824,NA,NA,NA,NA
2025-03-29T18:02:33,361,NA,NA,28534.437856,NA,NA
2025-03-29T18:02:33,361,NA,NA,NA,8.971616,NA
2025-03-29T18:02:33,361,NA,NA,NA,NA,0.000179
2025-03-29T18:03:00,362,17.739332,NA,NA,NA,NA
2025-03-29T18:03:00,362,NA,NA,28229.076291,NA,NA
2025-03-29T18:03:00,362,NA,NA,NA,9.068664,NA
2025-03-29T18:03:00,362,NA,NA,NA,NA,0.000176
2025-03-29T18:03:28,363,18.075457,NA,NA,NA,NA
2025-03-29T18:03:28,363,NA,NA,28307.566437,NA,NA
2025-03-29T18:03:28,363,NA,NA,NA,9.043518,NA
2025-03-29T18:03:28,363,NA,NA,NA,NA,0.000174
2025-03-29T18:03:55,364,18.008507,NA,NA,NA,NA
2025-03-29T18:03:55,364,NA,NA,28151.908863,NA,NA
2025-03-29T18:03:55,364,NA,NA,NA,9.093522,NA
2025-03-29T18:03:55,364,NA,NA,NA,NA,0.000172
2025-03-29T18:04:22,365,17.956747,NA,NA,NA,NA
2025-03-29T18:04:22,365,NA,NA,28412.047080,NA,NA
2025-03-29T18:04:22,365,NA,NA,NA,9.010262,NA
2025-03-29T18:04:22,365,NA,NA,NA,NA,0.000169
2025-03-29T18:04:50,366,18.448492,NA,NA,NA,NA
2025-03-29T18:04:50,366,NA,NA,28560.480857,NA,NA
2025-03-29T18:04:50,366,NA,NA,NA,8.963434,NA
2025-03-29T18:04:50,366,NA,NA,NA,NA,0.000167
2025-03-29T18:05:18,367,19.926128,NA,NA,NA,NA
2025-03-29T18:05:18,367,NA,NA,28601.260649,NA,NA
2025-03-29T18:05:18,367,NA,NA,NA,8.950654,NA
2025-03-29T18:05:18,367,NA,NA,NA,NA,0.000165
2025-03-29T18:05:46,368,17.831512,NA,NA,NA,NA
2025-03-29T18:05:46,368,NA,NA,28542.608876,NA,NA
2025-03-29T18:05:46,368,NA,NA,NA,8.969047,NA
2025-03-29T18:05:46,368,NA,NA,NA,NA,0.000162
2025-03-29T18:06:14,369,17.873297,NA,NA,NA,NA
2025-03-29T18:06:14,369,NA,NA,28442.592170,NA,NA
2025-03-29T18:06:14,369,NA,NA,NA,9.000587,NA
2025-03-29T18:06:14,369,NA,NA,NA,NA,0.000160
2025-03-29T18:06:53,370,NA,17.199997,NA,NA,NA
2025-03-29T18:07:21,370,18.183647,NA,NA,NA,NA
2025-03-29T18:07:21,370,NA,NA,28406.594101,NA,NA
2025-03-29T18:07:21,370,NA,NA,NA,9.011992,NA
2025-03-29T18:07:21,370,NA,NA,NA,NA,0.000158
2025-03-29T18:07:49,371,19.269480,NA,NA,NA,NA
2025-03-29T18:07:49,371,NA,NA,28471.688272,NA,NA
2025-03-29T18:07:49,371,NA,NA,NA,8.991388,NA
2025-03-29T18:07:49,371,NA,NA,NA,NA,0.000155
2025-03-29T18:08:16,372,17.721098,NA,NA,NA,NA
2025-03-29T18:08:16,372,NA,NA,28644.190112,NA,NA
2025-03-29T18:08:16,372,NA,NA,NA,8.937240,NA
2025-03-29T18:08:16,372,NA,NA,NA,NA,0.000153
2025-03-29T18:08:44,373,17.906015,NA,NA,NA,NA
2025-03-29T18:08:44,373,NA,NA,28426.328030,NA,NA
2025-03-29T18:08:44,373,NA,NA,NA,9.005735,NA
2025-03-29T18:08:44,373,NA,NA,NA,NA,0.000151
2025-03-29T18:09:11,374,18.413485,NA,NA,NA,NA
2025-03-29T18:09:11,374,NA,NA,28339.186201,NA,NA
2025-03-29T18:09:11,374,NA,NA,NA,9.033428,NA
2025-03-29T18:09:11,374,NA,NA,NA,NA,0.000149
2025-03-29T18:09:39,375,18.044111,NA,NA,NA,NA
2025-03-29T18:09:39,375,NA,NA,28462.945199,NA,NA
2025-03-29T18:09:39,375,NA,NA,NA,8.994150,NA
2025-03-29T18:09:39,375,NA,NA,NA,NA,0.000146
2025-03-29T18:10:06,376,17.689499,NA,NA,NA,NA
2025-03-29T18:10:06,376,NA,NA,28338.453353,NA,NA
2025-03-29T18:10:06,376,NA,NA,NA,9.033662,NA
2025-03-29T18:10:06,376,NA,NA,NA,NA,0.000144
2025-03-29T18:10:34,377,17.839012,NA,NA,NA,NA
2025-03-29T18:10:34,377,NA,NA,29063.511860,NA,NA
2025-03-29T18:10:34,377,NA,NA,NA,8.808295,NA
2025-03-29T18:10:34,377,NA,NA,NA,NA,0.000142
2025-03-29T18:11:02,378,17.534767,NA,NA,NA,NA
2025-03-29T18:11:02,378,NA,NA,28290.327504,NA,NA
2025-03-29T18:11:02,378,NA,NA,NA,9.049029,NA
2025-03-29T18:11:02,378,NA,NA,NA,NA,0.000140
2025-03-29T18:11:30,379,16.603674,NA,NA,NA,NA
2025-03-29T18:11:30,379,NA,NA,28368.746926,NA,NA
2025-03-29T18:11:30,379,NA,NA,NA,9.024015,NA
2025-03-29T18:11:30,379,NA,NA,NA,NA,0.000138
2025-03-29T18:12:09,380,NA,17.599991,NA,NA,NA
2025-03-29T18:20:56,380,18.036345,NA,NA,NA,NA
2025-03-29T18:20:56,380,NA,NA,28429.603472,NA,NA
2025-03-29T18:20:56,380,NA,NA,NA,9.004698,NA
2025-03-29T18:20:56,380,NA,NA,NA,NA,0.000136
2025-03-29T18:21:23,381,18.625704,NA,NA,NA,NA
2025-03-29T18:21:23,381,NA,NA,28431.392679,NA,NA
2025-03-29T18:21:23,381,NA,NA,NA,9.004131,NA
2025-03-29T18:21:23,381,NA,NA,NA,NA,0.000133
2025-03-29T18:21:51,382,18.535189,NA,NA,NA,NA
2025-03-29T18:21:51,382,NA,NA,28507.909832,NA,NA
2025-03-29T18:21:51,382,NA,NA,NA,8.979964,NA
2025-03-29T18:21:51,382,NA,NA,NA,NA,0.000131
2025-03-29T18:22:18,383,19.745285,NA,NA,NA,NA
2025-03-29T18:22:18,383,NA,NA,28462.039121,NA,NA
2025-03-29T18:22:18,383,NA,NA,NA,8.994436,NA
2025-03-29T18:22:18,383,NA,NA,NA,NA,0.000129
2025-03-29T18:22:46,384,19.104055,NA,NA,NA,NA
2025-03-29T18:22:46,384,NA,NA,28467.452447,NA,NA
2025-03-29T18:22:46,384,NA,NA,NA,8.992726,NA
2025-03-29T18:22:46,384,NA,NA,NA,NA,0.000127
2025-03-29T18:23:13,385,17.385618,NA,NA,NA,NA
2025-03-29T18:23:13,385,NA,NA,28527.651044,NA,NA
2025-03-29T18:23:13,385,NA,NA,NA,8.973750,NA
2025-03-29T18:23:13,385,NA,NA,NA,NA,0.000125
2025-03-29T18:23:41,386,18.202438,NA,NA,NA,NA
2025-03-29T18:23:41,386,NA,NA,28348.631917,NA,NA
2025-03-29T18:23:41,386,NA,NA,NA,9.030418,NA
2025-03-29T18:23:41,386,NA,NA,NA,NA,0.000123
2025-03-29T18:24:08,387,16.590958,NA,NA,NA,NA
2025-03-29T18:24:08,387,NA,NA,28339.587340,NA,NA
2025-03-29T18:24:08,387,NA,NA,NA,9.033300,NA
2025-03-29T18:24:08,387,NA,NA,NA,NA,0.000121
2025-03-29T18:24:36,388,17.151436,NA,NA,NA,NA
2025-03-29T18:24:36,388,NA,NA,28230.317472,NA,NA
2025-03-29T18:24:36,388,NA,NA,NA,9.068265,NA
2025-03-29T18:24:36,388,NA,NA,NA,NA,0.000119
2025-03-29T18:25:04,389,19.148300,NA,NA,NA,NA
2025-03-29T18:25:04,389,NA,NA,28319.203443,NA,NA
2025-03-29T18:25:04,389,NA,NA,NA,9.039803,NA
2025-03-29T18:25:04,389,NA,NA,NA,NA,0.000117
2025-03-29T18:25:43,390,NA,18.799988,NA,NA,NA
2025-03-29T18:26:10,390,16.556292,NA,NA,NA,NA
2025-03-29T18:26:10,390,NA,NA,28274.685163,NA,NA
2025-03-29T18:26:10,390,NA,NA,NA,9.054035,NA
2025-03-29T18:26:10,390,NA,NA,NA,NA,0.000115
2025-03-29T18:26:38,391,17.230831,NA,NA,NA,NA
2025-03-29T18:26:38,391,NA,NA,28300.698747,NA,NA
2025-03-29T18:26:38,391,NA,NA,NA,9.045713,NA
2025-03-29T18:26:38,391,NA,NA,NA,NA,0.000113
2025-03-29T18:27:06,392,17.152699,NA,NA,NA,NA
2025-03-29T18:27:06,392,NA,NA,28214.405648,NA,NA
2025-03-29T18:27:06,392,NA,NA,NA,9.073380,NA
2025-03-29T18:27:06,392,NA,NA,NA,NA,0.000111
2025-03-29T18:27:33,393,17.110725,NA,NA,NA,NA
2025-03-29T18:27:33,393,NA,NA,28261.418598,NA,NA
2025-03-29T18:27:33,393,NA,NA,NA,9.058286,NA
2025-03-29T18:27:33,393,NA,NA,NA,NA,0.000109
2025-03-29T18:28:00,394,19.046724,NA,NA,NA,NA
2025-03-29T18:28:00,394,NA,NA,28535.845044,NA,NA
2025-03-29T18:28:00,394,NA,NA,NA,8.971173,NA
2025-03-29T18:28:00,394,NA,NA,NA,NA,0.000107
2025-03-29T18:28:28,395,16.611170,NA,NA,NA,NA
2025-03-29T18:28:28,395,NA,NA,28379.176390,NA,NA
2025-03-29T18:28:28,395,NA,NA,NA,9.020699,NA
2025-03-29T18:28:28,395,NA,NA,NA,NA,0.000105
2025-03-29T18:28:55,396,18.076487,NA,NA,NA,NA
2025-03-29T18:28:55,396,NA,NA,28315.139949,NA,NA
2025-03-29T18:28:55,396,NA,NA,NA,9.041100,NA
2025-03-29T18:28:55,396,NA,NA,NA,NA,0.000103
2025-03-29T18:29:23,397,17.925581,NA,NA,NA,NA
2025-03-29T18:29:23,397,NA,NA,28479.313120,NA,NA
2025-03-29T18:29:23,397,NA,NA,NA,8.988981,NA
2025-03-29T18:29:23,397,NA,NA,NA,NA,0.000101
2025-03-29T18:29:50,398,18.643711,NA,NA,NA,NA
2025-03-29T18:29:50,398,NA,NA,28298.585171,NA,NA
2025-03-29T18:29:50,398,NA,NA,NA,9.046389,NA
2025-03-29T18:29:50,398,NA,NA,NA,NA,0.000099
2025-03-29T18:30:19,399,17.464828,NA,NA,NA,NA
2025-03-29T18:30:19,399,NA,NA,28859.048649,NA,NA
2025-03-29T18:30:19,399,NA,NA,NA,8.870701,NA
2025-03-29T18:30:19,399,NA,NA,NA,NA,0.000097
2025-03-29T18:30:58,400,NA,17.799988,NA,NA,NA
2025-03-29T18:39:44,400,18.207994,NA,NA,NA,NA
2025-03-29T18:39:44,400,NA,NA,28241.470085,NA,NA
2025-03-29T18:39:44,400,NA,NA,NA,9.064684,NA
2025-03-29T18:39:44,400,NA,NA,NA,NA,0.000095
2025-03-29T18:40:13,401,19.384611,NA,NA,NA,NA
2025-03-29T18:40:13,401,NA,NA,28342.258576,NA,NA
2025-03-29T18:40:13,401,NA,NA,NA,9.032449,NA
2025-03-29T18:40:13,401,NA,NA,NA,NA,0.000094
2025-03-29T18:40:40,402,18.972031,NA,NA,NA,NA
2025-03-29T18:40:40,402,NA,NA,28711.365696,NA,NA
2025-03-29T18:40:40,402,NA,NA,NA,8.916329,NA
2025-03-29T18:40:40,402,NA,NA,NA,NA,0.000092
2025-03-29T18:41:08,403,18.430233,NA,NA,NA,NA
2025-03-29T18:41:08,403,NA,NA,28676.602415,NA,NA
2025-03-29T18:41:08,403,NA,NA,NA,8.927138,NA
2025-03-29T18:41:08,403,NA,NA,NA,NA,0.000090
2025-03-29T18:41:35,404,17.530937,NA,NA,NA,NA
2025-03-29T18:41:35,404,NA,NA,28170.246362,NA,NA
2025-03-29T18:41:35,404,NA,NA,NA,9.087603,NA
2025-03-29T18:41:35,404,NA,NA,NA,NA,0.000088
2025-03-29T18:42:02,405,17.339291,NA,NA,NA,NA
2025-03-29T18:42:02,405,NA,NA,28269.729195,NA,NA
2025-03-29T18:42:02,405,NA,NA,NA,9.055623,NA
2025-03-29T18:42:02,405,NA,NA,NA,NA,0.000086
2025-03-29T18:42:30,406,18.002630,NA,NA,NA,NA
2025-03-29T18:42:30,406,NA,NA,28288.563668,NA,NA
2025-03-29T18:42:30,406,NA,NA,NA,9.049593,NA
2025-03-29T18:42:30,406,NA,NA,NA,NA,0.000085
2025-03-29T18:42:57,407,18.712101,NA,NA,NA,NA
2025-03-29T18:42:57,407,NA,NA,28286.000419,NA,NA
2025-03-29T18:42:57,407,NA,NA,NA,9.050413,NA
2025-03-29T18:42:57,407,NA,NA,NA,NA,0.000083
2025-03-29T18:43:24,408,16.925610,NA,NA,NA,NA
2025-03-29T18:43:24,408,NA,NA,28236.315884,NA,NA
2025-03-29T18:43:24,408,NA,NA,NA,9.066339,NA
2025-03-29T18:43:24,408,NA,NA,NA,NA,0.000081
2025-03-29T18:43:53,409,18.214535,NA,NA,NA,NA
2025-03-29T18:43:53,409,NA,NA,28227.555887,NA,NA
2025-03-29T18:43:53,409,NA,NA,NA,9.069152,NA
2025-03-29T18:43:53,409,NA,NA,NA,NA,0.000080
2025-03-29T18:44:31,410,NA,17.399994,NA,NA,NA
2025-03-29T18:44:59,410,16.356936,NA,NA,NA,NA
2025-03-29T18:44:59,410,NA,NA,28258.310784,NA,NA
2025-03-29T18:44:59,410,NA,NA,NA,9.059281,NA
2025-03-29T18:44:59,410,NA,NA,NA,NA,0.000078
2025-03-29T18:45:27,411,17.938416,NA,NA,NA,NA
2025-03-29T18:45:27,411,NA,NA,28763.819413,NA,NA
2025-03-29T18:45:27,411,NA,NA,NA,8.900070,NA
2025-03-29T18:45:27,411,NA,NA,NA,NA,0.000076
2025-03-29T18:45:55,412,18.124672,NA,NA,NA,NA
2025-03-29T18:45:55,412,NA,NA,28491.704816,NA,NA
2025-03-29T18:45:55,412,NA,NA,NA,8.985071,NA
2025-03-29T18:45:55,412,NA,NA,NA,NA,0.000075
2025-03-29T18:46:22,413,17.877707,NA,NA,NA,NA
2025-03-29T18:46:22,413,NA,NA,28374.756034,NA,NA
2025-03-29T18:46:22,413,NA,NA,NA,9.022104,NA
2025-03-29T18:46:22,413,NA,NA,NA,NA,0.000073
2025-03-29T18:46:50,414,19.223015,NA,NA,NA,NA
2025-03-29T18:46:50,414,NA,NA,28396.314542,NA,NA
2025-03-29T18:46:50,414,NA,NA,NA,9.015254,NA
2025-03-29T18:46:50,414,NA,NA,NA,NA,0.000071
2025-03-29T18:47:17,415,18.864227,NA,NA,NA,NA
2025-03-29T18:47:17,415,NA,NA,28261.979813,NA,NA
2025-03-29T18:47:17,415,NA,NA,NA,9.058105,NA
2025-03-29T18:47:17,415,NA,NA,NA,NA,0.000070
2025-03-29T18:47:44,416,18.152985,NA,NA,NA,NA
2025-03-29T18:47:44,416,NA,NA,28209.905414,NA,NA
2025-03-29T18:47:44,416,NA,NA,NA,9.074826,NA
2025-03-29T18:47:44,416,NA,NA,NA,NA,0.000068
2025-03-29T18:48:12,417,16.974113,NA,NA,NA,NA
2025-03-29T18:48:12,417,NA,NA,28441.092513,NA,NA
2025-03-29T18:48:12,417,NA,NA,NA,9.001060,NA
2025-03-29T18:48:12,417,NA,NA,NA,NA,0.000066
2025-03-29T18:48:39,418,17.765676,NA,NA,NA,NA
2025-03-29T18:48:39,418,NA,NA,28520.775320,NA,NA
2025-03-29T18:48:39,418,NA,NA,NA,8.975913,NA
2025-03-29T18:48:39,418,NA,NA,NA,NA,0.000065
2025-03-29T18:49:07,419,18.343704,NA,NA,NA,NA
2025-03-29T18:49:07,419,NA,NA,28580.944619,NA,NA
2025-03-29T18:49:07,419,NA,NA,NA,8.957017,NA
2025-03-29T18:49:07,419,NA,NA,NA,NA,0.000063
2025-03-29T18:49:47,420,NA,17.799988,NA,NA,NA
2025-03-29T18:58:33,420,17.915216,NA,NA,NA,NA
2025-03-29T18:58:33,420,NA,NA,28426.356390,NA,NA
2025-03-29T18:58:33,420,NA,NA,NA,9.005727,NA
2025-03-29T18:58:33,420,NA,NA,NA,NA,0.000062
2025-03-29T18:59:01,421,18.907148,NA,NA,NA,NA
2025-03-29T18:59:01,421,NA,NA,28254.936393,NA,NA
2025-03-29T18:59:01,421,NA,NA,NA,9.060364,NA
2025-03-29T18:59:01,421,NA,NA,NA,NA,0.000060
2025-03-29T18:59:29,422,18.940994,NA,NA,NA,NA
2025-03-29T18:59:29,422,NA,NA,28243.686385,NA,NA
2025-03-29T18:59:29,422,NA,NA,NA,9.063972,NA
2025-03-29T18:59:29,422,NA,NA,NA,NA,0.000059
2025-03-29T18:59:56,423,17.482134,NA,NA,NA,NA
2025-03-29T18:59:56,423,NA,NA,28323.473878,NA,NA
2025-03-29T18:59:56,423,NA,NA,NA,9.038440,NA
2025-03-29T18:59:56,423,NA,NA,NA,NA,0.000057
2025-03-29T19:00:24,424,18.238678,NA,NA,NA,NA
2025-03-29T19:00:24,424,NA,NA,28998.365785,NA,NA
2025-03-29T19:00:24,424,NA,NA,NA,8.828084,NA
2025-03-29T19:00:24,424,NA,NA,NA,NA,0.000056
2025-03-29T19:00:51,425,18.624672,NA,NA,NA,NA
2025-03-29T19:00:51,425,NA,NA,28452.375560,NA,NA
2025-03-29T19:00:51,425,NA,NA,NA,8.997491,NA
2025-03-29T19:00:51,425,NA,NA,NA,NA,0.000054
2025-03-29T19:01:19,426,18.784536,NA,NA,NA,NA
2025-03-29T19:01:19,426,NA,NA,28384.713450,NA,NA
2025-03-29T19:01:19,426,NA,NA,NA,9.018939,NA
2025-03-29T19:01:19,426,NA,NA,NA,NA,0.000053
2025-03-29T19:01:46,427,19.373650,NA,NA,NA,NA
2025-03-29T19:01:46,427,NA,NA,28584.960902,NA,NA
2025-03-29T19:01:46,427,NA,NA,NA,8.955758,NA
2025-03-29T19:01:46,427,NA,NA,NA,NA,0.000052
2025-03-29T19:02:14,428,18.767052,NA,NA,NA,NA
2025-03-29T19:02:14,428,NA,NA,28446.441886,NA,NA
2025-03-29T19:02:14,428,NA,NA,NA,8.999368,NA
2025-03-29T19:02:14,428,NA,NA,NA,NA,0.000050
2025-03-29T19:02:41,429,18.968643,NA,NA,NA,NA
2025-03-29T19:02:41,429,NA,NA,28473.141940,NA,NA
2025-03-29T19:02:41,429,NA,NA,NA,8.990929,NA
2025-03-29T19:02:41,429,NA,NA,NA,NA,0.000049
2025-03-29T19:03:21,430,NA,17.399994,NA,NA,NA
2025-03-29T19:03:49,430,17.547098,NA,NA,NA,NA
2025-03-29T19:03:49,430,NA,NA,28562.246805,NA,NA
2025-03-29T19:03:49,430,NA,NA,NA,8.962880,NA
2025-03-29T19:03:49,430,NA,NA,NA,NA,0.000048
2025-03-29T19:04:16,431,18.738792,NA,NA,NA,NA
2025-03-29T19:04:16,431,NA,NA,28453.676885,NA,NA
2025-03-29T19:04:16,431,NA,NA,NA,8.997080,NA
2025-03-29T19:04:16,431,NA,NA,NA,NA,0.000046
2025-03-29T19:04:45,432,17.504547,NA,NA,NA,NA
2025-03-29T19:04:45,432,NA,NA,28588.005546,NA,NA
2025-03-29T19:04:45,432,NA,NA,NA,8.954804,NA
2025-03-29T19:04:45,432,NA,NA,NA,NA,0.000045
2025-03-29T19:05:12,433,16.593861,NA,NA,NA,NA
2025-03-29T19:05:12,433,NA,NA,28394.362043,NA,NA
2025-03-29T19:05:12,433,NA,NA,NA,9.015874,NA
2025-03-29T19:05:12,433,NA,NA,NA,NA,0.000044
2025-03-29T19:05:40,434,17.778357,NA,NA,NA,NA
2025-03-29T19:05:40,434,NA,NA,28504.331438,NA,NA
2025-03-29T19:05:40,434,NA,NA,NA,8.981091,NA
2025-03-29T19:05:40,434,NA,NA,NA,NA,0.000042
2025-03-29T19:06:07,435,18.026779,NA,NA,NA,NA
2025-03-29T19:06:07,435,NA,NA,28509.274947,NA,NA
2025-03-29T19:06:07,435,NA,NA,NA,8.979534,NA
2025-03-29T19:06:07,435,NA,NA,NA,NA,0.000041
2025-03-29T19:06:35,436,17.381859,NA,NA,NA,NA
2025-03-29T19:06:35,436,NA,NA,28463.304368,NA,NA
2025-03-29T19:06:35,436,NA,NA,NA,8.994037,NA
2025-03-29T19:06:35,436,NA,NA,NA,NA,0.000040
2025-03-29T19:07:02,437,17.642056,NA,NA,NA,NA
2025-03-29T19:07:02,437,NA,NA,28315.336757,NA,NA
2025-03-29T19:07:02,437,NA,NA,NA,9.041037,NA
2025-03-29T19:07:02,437,NA,NA,NA,NA,0.000039
2025-03-29T19:07:29,438,17.293873,NA,NA,NA,NA
2025-03-29T19:07:29,438,NA,NA,28270.371715,NA,NA
2025-03-29T19:07:29,438,NA,NA,NA,9.055417,NA
2025-03-29T19:07:29,438,NA,NA,NA,NA,0.000037
2025-03-29T19:07:57,439,18.478672,NA,NA,NA,NA
2025-03-29T19:07:57,439,NA,NA,28354.531719,NA,NA
2025-03-29T19:07:57,439,NA,NA,NA,9.028539,NA
2025-03-29T19:07:57,439,NA,NA,NA,NA,0.000036
2025-03-29T19:08:37,440,NA,17.399994,NA,NA,NA
2025-03-29T19:17:22,440,16.762266,NA,NA,NA,NA
2025-03-29T19:17:22,440,NA,NA,28458.191726,NA,NA
2025-03-29T19:17:22,440,NA,NA,NA,8.995652,NA
2025-03-29T19:17:22,440,NA,NA,NA,NA,0.000035
2025-03-29T19:17:49,441,17.463886,NA,NA,NA,NA
2025-03-29T19:17:49,441,NA,NA,28570.879020,NA,NA
2025-03-29T19:17:49,441,NA,NA,NA,8.960173,NA
2025-03-29T19:17:49,441,NA,NA,NA,NA,0.000034
2025-03-29T19:18:18,442,17.770882,NA,NA,NA,NA
2025-03-29T19:18:18,442,NA,NA,28862.137577,NA,NA
2025-03-29T19:18:18,442,NA,NA,NA,8.869752,NA
2025-03-29T19:18:18,442,NA,NA,NA,NA,0.000033
2025-03-29T19:18:45,443,17.262793,NA,NA,NA,NA
2025-03-29T19:18:45,443,NA,NA,28377.516796,NA,NA
2025-03-29T19:18:45,443,NA,NA,NA,9.021226,NA
2025-03-29T19:18:45,443,NA,NA,NA,NA,0.000032
2025-03-29T19:19:13,444,18.061995,NA,NA,NA,NA
2025-03-29T19:19:13,444,NA,NA,28805.508959,NA,NA
2025-03-29T19:19:13,444,NA,NA,NA,8.887189,NA
2025-03-29T19:19:13,444,NA,NA,NA,NA,0.000031
2025-03-29T19:19:41,445,17.715029,NA,NA,NA,NA
2025-03-29T19:19:41,445,NA,NA,28989.381033,NA,NA
2025-03-29T19:19:41,445,NA,NA,NA,8.830820,NA
2025-03-29T19:19:41,445,NA,NA,NA,NA,0.000030
2025-03-29T19:20:09,446,18.340563,NA,NA,NA,NA
2025-03-29T19:20:09,446,NA,NA,28583.020995,NA,NA
2025-03-29T19:20:09,446,NA,NA,NA,8.956367,NA
2025-03-29T19:20:09,446,NA,NA,NA,NA,0.000029
2025-03-29T19:20:36,447,16.652903,NA,NA,NA,NA
2025-03-29T19:20:36,447,NA,NA,28430.692396,NA,NA
2025-03-29T19:20:36,447,NA,NA,NA,9.004354,NA
2025-03-29T19:20:36,447,NA,NA,NA,NA,0.000027
2025-03-29T19:21:04,448,18.957893,NA,NA,NA,NA
2025-03-29T19:21:04,448,NA,NA,28412.281913,NA,NA
2025-03-29T19:21:04,448,NA,NA,NA,9.010188,NA
2025-03-29T19:21:04,448,NA,NA,NA,NA,0.000026
2025-03-29T19:21:31,449,18.099470,NA,NA,NA,NA
2025-03-29T19:21:31,449,NA,NA,28327.604839,NA,NA
2025-03-29T19:21:31,449,NA,NA,NA,9.037121,NA
2025-03-29T19:21:31,449,NA,NA,NA,NA,0.000025
2025-03-29T19:22:11,450,NA,17.399994,NA,NA,NA
2025-03-29T19:22:38,450,16.400162,NA,NA,NA,NA
2025-03-29T19:22:38,450,NA,NA,28257.183639,NA,NA
2025-03-29T19:22:38,450,NA,NA,NA,9.059643,NA
2025-03-29T19:22:38,450,NA,NA,NA,NA,0.000024
2025-03-29T19:23:05,451,18.547556,NA,NA,NA,NA
2025-03-29T19:23:05,451,NA,NA,28322.540033,NA,NA
2025-03-29T19:23:05,451,NA,NA,NA,9.038737,NA
2025-03-29T19:23:05,451,NA,NA,NA,NA,0.000024
2025-03-29T19:23:33,452,17.526369,NA,NA,NA,NA
2025-03-29T19:23:33,452,NA,NA,28397.317483,NA,NA
2025-03-29T19:23:33,452,NA,NA,NA,9.014936,NA
2025-03-29T19:23:33,452,NA,NA,NA,NA,0.000023
2025-03-29T19:24:01,453,18.933350,NA,NA,NA,NA
2025-03-29T19:24:01,453,NA,NA,28340.519903,NA,NA
2025-03-29T19:24:01,453,NA,NA,NA,9.033003,NA
2025-03-29T19:24:01,453,NA,NA,NA,NA,0.000022
2025-03-29T19:24:28,454,16.979811,NA,NA,NA,NA
2025-03-29T19:24:28,454,NA,NA,28376.409714,NA,NA
2025-03-29T19:24:28,454,NA,NA,NA,9.021578,NA
2025-03-29T19:24:28,454,NA,NA,NA,NA,0.000021
2025-03-29T19:24:56,455,16.703232,NA,NA,NA,NA
2025-03-29T19:24:56,455,NA,NA,28376.239096,NA,NA
2025-03-29T19:24:56,455,NA,NA,NA,9.021632,NA
2025-03-29T19:24:56,455,NA,NA,NA,NA,0.000020
2025-03-29T19:25:23,456,17.060230,NA,NA,NA,NA
2025-03-29T19:25:23,456,NA,NA,28279.589773,NA,NA
2025-03-29T19:25:23,456,NA,NA,NA,9.052465,NA
2025-03-29T19:25:23,456,NA,NA,NA,NA,0.000019
2025-03-29T19:25:50,457,18.781195,NA,NA,NA,NA
2025-03-29T19:25:50,457,NA,NA,28230.731909,NA,NA
2025-03-29T19:25:50,457,NA,NA,NA,9.068131,NA
2025-03-29T19:25:50,457,NA,NA,NA,NA,0.000018
2025-03-29T19:26:18,458,18.450077,NA,NA,NA,NA
2025-03-29T19:26:18,458,NA,NA,28743.031122,NA,NA
2025-03-29T19:26:18,458,NA,NA,NA,8.906507,NA
2025-03-29T19:26:18,458,NA,NA,NA,NA,0.000017
2025-03-29T19:26:46,459,18.661173,NA,NA,NA,NA
2025-03-29T19:26:46,459,NA,NA,28395.124481,NA,NA
2025-03-29T19:26:46,459,NA,NA,NA,9.015633,NA
2025-03-29T19:26:46,459,NA,NA,NA,NA,0.000016
2025-03-29T19:27:25,460,NA,17.000000,NA,NA,NA
2025-03-29T19:36:12,460,17.175812,NA,NA,NA,NA
2025-03-29T19:36:12,460,NA,NA,28201.816695,NA,NA
2025-03-29T19:36:12,460,NA,NA,NA,9.077430,NA
2025-03-29T19:36:12,460,NA,NA,NA,NA,0.000016
2025-03-29T19:36:40,461,17.846542,NA,NA,NA,NA
2025-03-29T19:36:40,461,NA,NA,28342.721980,NA,NA
2025-03-29T19:36:40,461,NA,NA,NA,9.032301,NA
2025-03-29T19:36:40,461,NA,NA,NA,NA,0.000015
2025-03-29T19:37:07,462,17.045731,NA,NA,NA,NA
2025-03-29T19:37:07,462,NA,NA,28292.586299,NA,NA
2025-03-29T19:37:07,462,NA,NA,NA,9.048306,NA
2025-03-29T19:37:07,462,NA,NA,NA,NA,0.000014
2025-03-29T19:37:34,463,17.122028,NA,NA,NA,NA
2025-03-29T19:37:34,463,NA,NA,28316.899695,NA,NA
2025-03-29T19:37:34,463,NA,NA,NA,9.040538,NA
2025-03-29T19:37:34,463,NA,NA,NA,NA,0.000013
2025-03-29T19:38:01,464,17.017754,NA,NA,NA,NA
2025-03-29T19:38:01,464,NA,NA,28227.069235,NA,NA
2025-03-29T19:38:01,464,NA,NA,NA,9.069308,NA
2025-03-29T19:38:01,464,NA,NA,NA,NA,0.000013
2025-03-29T19:38:29,465,17.413258,NA,NA,NA,NA
2025-03-29T19:38:29,465,NA,NA,28360.535070,NA,NA
2025-03-29T19:38:29,465,NA,NA,NA,9.026628,NA
2025-03-29T19:38:29,465,NA,NA,NA,NA,0.000012
2025-03-29T19:38:56,466,18.106537,NA,NA,NA,NA
2025-03-29T19:38:56,466,NA,NA,28403.285572,NA,NA
2025-03-29T19:38:56,466,NA,NA,NA,9.013041,NA
2025-03-29T19:38:56,466,NA,NA,NA,NA,0.000011
2025-03-29T19:39:24,467,17.331268,NA,NA,NA,NA
2025-03-29T19:39:24,467,NA,NA,28426.304690,NA,NA
2025-03-29T19:39:24,467,NA,NA,NA,9.005743,NA
2025-03-29T19:39:24,467,NA,NA,NA,NA,0.000011
2025-03-29T19:39:52,468,17.186998,NA,NA,NA,NA
2025-03-29T19:39:52,468,NA,NA,28225.866457,NA,NA
2025-03-29T19:39:52,468,NA,NA,NA,9.069695,NA
2025-03-29T19:39:52,468,NA,NA,NA,NA,0.000010
2025-03-29T19:40:20,469,18.408531,NA,NA,NA,NA
2025-03-29T19:40:20,469,NA,NA,28998.292527,NA,NA
2025-03-29T19:40:20,469,NA,NA,NA,8.828106,NA
2025-03-29T19:40:20,469,NA,NA,NA,NA,0.000009
2025-03-29T19:40:59,470,NA,18.000000,NA,NA,NA
2025-03-29T19:41:27,470,19.924467,NA,NA,NA,NA
2025-03-29T19:41:27,470,NA,NA,28464.416856,NA,NA
2025-03-29T19:41:27,470,NA,NA,NA,8.993685,NA
2025-03-29T19:41:27,470,NA,NA,NA,NA,0.000009
2025-03-29T19:41:54,471,18.414188,NA,NA,NA,NA
2025-03-29T19:41:54,471,NA,NA,28245.607125,NA,NA
2025-03-29T19:41:54,471,NA,NA,NA,9.063356,NA
2025-03-29T19:41:54,471,NA,NA,NA,NA,0.000008
2025-03-29T19:42:22,472,17.315805,NA,NA,NA,NA
2025-03-29T19:42:22,472,NA,NA,28475.601924,NA,NA
2025-03-29T19:42:22,472,NA,NA,NA,8.990152,NA
2025-03-29T19:42:22,472,NA,NA,NA,NA,0.000008
2025-03-29T19:42:52,473,18.436625,NA,NA,NA,NA
2025-03-29T19:42:52,473,NA,NA,30983.045514,NA,NA
2025-03-29T19:42:52,473,NA,NA,NA,8.262584,NA
2025-03-29T19:42:52,473,NA,NA,NA,NA,0.000007
2025-03-29T19:43:21,474,17.495279,NA,NA,NA,NA
2025-03-29T19:43:21,474,NA,NA,30389.785940,NA,NA
2025-03-29T19:43:21,474,NA,NA,NA,8.423883,NA
2025-03-29T19:43:21,474,NA,NA,NA,NA,0.000007
2025-03-29T19:43:50,475,18.284407,NA,NA,NA,NA
2025-03-29T19:43:50,475,NA,NA,30204.002126,NA,NA
2025-03-29T19:43:50,475,NA,NA,NA,8.475698,NA
2025-03-29T19:43:50,475,NA,NA,NA,NA,0.000006
2025-03-29T19:44:20,476,17.068491,NA,NA,NA,NA
2025-03-29T19:44:20,476,NA,NA,30416.568006,NA,NA
2025-03-29T19:44:20,476,NA,NA,NA,8.416466,NA
2025-03-29T19:44:20,476,NA,NA,NA,NA,0.000006
2025-03-29T19:44:49,477,17.343941,NA,NA,NA,NA
2025-03-29T19:44:49,477,NA,NA,30098.753795,NA,NA
2025-03-29T19:44:49,477,NA,NA,NA,8.505336,NA
2025-03-29T19:44:49,477,NA,NA,NA,NA,0.000005
2025-03-29T19:45:19,478,18.826159,NA,NA,NA,NA
2025-03-29T19:45:19,478,NA,NA,30723.421482,NA,NA
2025-03-29T19:45:19,478,NA,NA,NA,8.332405,NA
2025-03-29T19:45:19,478,NA,NA,NA,NA,0.000005
2025-03-29T19:45:48,479,19.042271,NA,NA,NA,NA
2025-03-29T19:45:48,479,NA,NA,30205.845397,NA,NA
2025-03-29T19:45:48,479,NA,NA,NA,8.475181,NA
2025-03-29T19:45:48,479,NA,NA,NA,NA,0.000004
2025-03-29T19:46:30,480,NA,18.000000,NA,NA,NA
2025-03-29T19:55:46,480,18.263922,NA,NA,NA,NA
2025-03-29T19:55:46,480,NA,NA,30193.080018,NA,NA
2025-03-29T19:55:46,480,NA,NA,NA,8.478764,NA
2025-03-29T19:55:46,480,NA,NA,NA,NA,0.000004
2025-03-29T19:56:15,481,19.441847,NA,NA,NA,NA
2025-03-29T19:56:15,481,NA,NA,29748.148409,NA,NA
2025-03-29T19:56:15,481,NA,NA,NA,8.605577,NA
2025-03-29T19:56:15,481,NA,NA,NA,NA,0.000004
2025-03-29T19:56:44,482,19.887310,NA,NA,NA,NA
2025-03-29T19:56:44,482,NA,NA,29787.177020,NA,NA
2025-03-29T19:56:44,482,NA,NA,NA,8.594302,NA
2025-03-29T19:56:44,482,NA,NA,NA,NA,0.000003
2025-03-29T19:57:14,483,19.004766,NA,NA,NA,NA
2025-03-29T19:57:14,483,NA,NA,30314.354866,NA,NA
2025-03-29T19:57:14,483,NA,NA,NA,8.444844,NA
2025-03-29T19:57:14,483,NA,NA,NA,NA,0.000003
2025-03-29T19:57:43,484,18.265476,NA,NA,NA,NA
2025-03-29T19:57:43,484,NA,NA,30125.264056,NA,NA
2025-03-29T19:57:43,484,NA,NA,NA,8.497850,NA
2025-03-29T19:57:43,484,NA,NA,NA,NA,0.000003
2025-03-29T19:58:13,485,18.644371,NA,NA,NA,NA
2025-03-29T19:58:13,485,NA,NA,30095.918261,NA,NA
2025-03-29T19:58:13,485,NA,NA,NA,8.506137,NA
2025-03-29T19:58:13,485,NA,NA,NA,NA,0.000002
2025-03-29T19:58:43,486,17.903866,NA,NA,NA,NA
2025-03-29T19:58:43,486,NA,NA,29986.250926,NA,NA
2025-03-29T19:58:43,486,NA,NA,NA,8.537246,NA
2025-03-29T19:58:43,486,NA,NA,NA,NA,0.000002
2025-03-29T19:59:12,487,18.693335,NA,NA,NA,NA
2025-03-29T19:59:12,487,NA,NA,29765.168253,NA,NA
2025-03-29T19:59:12,487,NA,NA,NA,8.600657,NA
2025-03-29T19:59:12,487,NA,NA,NA,NA,0.000002
2025-03-29T19:59:41,488,18.418282,NA,NA,NA,NA
2025-03-29T19:59:41,488,NA,NA,30230.094525,NA,NA
2025-03-29T19:59:41,488,NA,NA,NA,8.468383,NA
2025-03-29T19:59:41,488,NA,NA,NA,NA,0.000001
2025-03-29T20:00:11,489,17.832605,NA,NA,NA,NA
2025-03-29T20:00:11,489,NA,NA,30266.783212,NA,NA
2025-03-29T20:00:11,489,NA,NA,NA,8.458117,NA
2025-03-29T20:00:11,489,NA,NA,NA,NA,0.000001
2025-03-29T20:00:52,490,NA,18.000000,NA,NA,NA
2025-03-29T20:01:22,490,17.461143,NA,NA,NA,NA
2025-03-29T20:01:22,490,NA,NA,30061.359093,NA,NA
2025-03-29T20:01:22,490,NA,NA,NA,8.515916,NA
2025-03-29T20:01:22,490,NA,NA,NA,NA,0.000001
2025-03-29T20:01:52,491,17.026024,NA,NA,NA,NA
2025-03-29T20:01:52,491,NA,NA,30799.738781,NA,NA
2025-03-29T20:01:52,491,NA,NA,NA,8.311759,NA
2025-03-29T20:01:52,491,NA,NA,NA,NA,0.000001
2025-03-29T20:02:22,492,17.114960,NA,NA,NA,NA
2025-03-29T20:02:22,492,NA,NA,30522.849257,NA,NA
2025-03-29T20:02:22,492,NA,NA,NA,8.387159,NA
2025-03-29T20:02:22,492,NA,NA,NA,NA,0.000001
2025-03-29T20:02:51,493,18.482140,NA,NA,NA,NA
2025-03-29T20:02:51,493,NA,NA,29926.267960,NA,NA
2025-03-29T20:02:51,493,NA,NA,NA,8.554358,NA
2025-03-29T20:02:51,493,NA,NA,NA,NA,0.000000
2025-03-29T20:03:21,494,19.352699,NA,NA,NA,NA
2025-03-29T20:03:21,494,NA,NA,30109.304721,NA,NA
2025-03-29T20:03:21,494,NA,NA,NA,8.502355,NA
2025-03-29T20:03:21,494,NA,NA,NA,NA,0.000000
2025-03-29T20:03:50,495,17.926413,NA,NA,NA,NA
2025-03-29T20:03:50,495,NA,NA,30026.333625,NA,NA
2025-03-29T20:03:50,495,NA,NA,NA,8.525849,NA
2025-03-29T20:03:50,495,NA,NA,NA,NA,0.000000
2025-03-29T20:04:19,496,18.157524,NA,NA,NA,NA
2025-03-29T20:04:19,496,NA,NA,30019.415051,NA,NA
2025-03-29T20:04:19,496,NA,NA,NA,8.527815,NA
2025-03-29T20:04:19,496,NA,NA,NA,NA,0.000000
2025-03-29T20:04:48,497,16.781111,NA,NA,NA,NA
2025-03-29T20:04:48,497,NA,NA,29795.528577,NA,NA
2025-03-29T20:04:48,497,NA,NA,NA,8.591893,NA
2025-03-29T20:04:48,497,NA,NA,NA,NA,0.000000
2025-03-29T20:05:17,498,17.337193,NA,NA,NA,NA
2025-03-29T20:05:17,498,NA,NA,29916.841143,NA,NA
2025-03-29T20:05:17,498,NA,NA,NA,8.557054,NA
2025-03-29T20:05:17,498,NA,NA,NA,NA,0.000000
2025-03-29T20:05:47,499,19.021442,NA,NA,NA,NA
2025-03-29T20:05:47,499,NA,NA,30346.218783,NA,NA
2025-03-29T20:05:47,499,NA,NA,NA,8.435977,NA
2025-03-29T20:05:47,499,NA,NA,NA,NA,0.000000
2025-03-29T20:06:29,500,NA,18.000000,NA,NA,NA
2025-03-29T20:15:45,500,16.181259,NA,NA,NA,NA
2025-03-29T20:15:45,500,NA,NA,30371.371697,NA,NA
2025-03-29T20:15:45,500,NA,NA,NA,8.428990,NA
2025-03-29T20:15:45,500,NA,NA,NA,NA,0.000000
